date,port_id,fuel_type,price_usd_per_ton
2023-01-02,ROT,VLSFO,606.3
2023-01-09,ROT,VLSFO,596.88
2023-01-16,ROT,VLSFO,609.44
2023-01-23,ROT,VLSFO,601.23
2023-01-30,ROT,VLSFO,589.05
2023-02-06,ROT,VLSFO,570.26
2023-02-13,ROT,VLSFO,593.75
2023-02-20,ROT,VLSFO,597.3
2023-02-27,ROT,VLSFO,602.87
2023-03-06,ROT,VLSFO,576.65
2023-03-13,ROT,VLSFO,601.81
2023-03-20,ROT,VLSFO,608.83
2023-03-27,ROT,VLSFO,622.16
2023-04-03,ROT,VLSFO,633.81
2023-04-10,ROT,VLSFO,603.32
2023-04-17,ROT,VLSFO,612.84
2023-04-24,ROT,VLSFO,602.69
2023-05-01,ROT,VLSFO,579.99
2023-05-08,ROT,VLSFO,585.15
2023-05-15,ROT,VLSFO,586.21
2023-05-22,ROT,VLSFO,597.46
2023-05-29,ROT,VLSFO,659.47
2023-06-05,ROT,VLSFO,624.94
2023-06-12,ROT,VLSFO,598.19
2023-06-19,ROT,VLSFO,608.56
2023-06-26,ROT,VLSFO,574.06
2023-07-03,ROT,VLSFO,554.91
2023-07-10,ROT,VLSFO,566.27
2023-07-17,ROT,VLSFO,568.83
2023-07-24,ROT,VLSFO,576.57
2023-07-31,ROT,VLSFO,547.47
2023-08-07,ROT,VLSFO,576.22
2023-08-14,ROT,VLSFO,585.75
2023-08-21,ROT,VLSFO,582.93
2023-08-28,ROT,VLSFO,593.57
2023-09-04,ROT,VLSFO,542.61
2023-09-11,ROT,VLSFO,536.92
2023-09-18,ROT,VLSFO,523.44
2023-09-25,ROT,VLSFO,537.27
2023-10-02,ROT,VLSFO,546.99
2023-10-09,ROT,VLSFO,551.29
2023-10-16,ROT,VLSFO,546.66
2023-10-23,ROT,VLSFO,553.59
2023-10-30,ROT,VLSFO,556.56
2023-11-06,ROT,VLSFO,544.29
2023-11-13,ROT,VLSFO,532.33
2023-11-20,ROT,VLSFO,558.04
2023-11-27,ROT,VLSFO,593.59
2023-12-04,ROT,VLSFO,592.93
2023-12-11,ROT,VLSFO,637.97
2023-12-18,ROT,VLSFO,630.7
2023-12-25,ROT,VLSFO,622.37
2024-01-01,ROT,VLSFO,623.78
2024-01-08,ROT,VLSFO,627.64
2024-01-15,ROT,VLSFO,655.08
2024-01-22,ROT,VLSFO,638.31
2024-01-29,ROT,VLSFO,618.91
2024-02-05,ROT,VLSFO,627.65
2024-02-12,ROT,VLSFO,601.66
2024-02-19,ROT,VLSFO,591.01
2024-02-26,ROT,VLSFO,599.01
2024-03-04,ROT,VLSFO,626.94
2024-03-11,ROT,VLSFO,615.62
2024-03-18,ROT,VLSFO,600.94
2024-03-25,ROT,VLSFO,603.43
2024-04-01,ROT,VLSFO,620.16
2024-04-08,ROT,VLSFO,637.85
2024-04-15,ROT,VLSFO,655.15
2024-04-22,ROT,VLSFO,650.39
2024-04-29,ROT,VLSFO,674.49
2024-05-06,ROT,VLSFO,710.17
2024-05-13,ROT,VLSFO,677.32
2024-05-20,ROT,VLSFO,671.74
2024-05-27,ROT,VLSFO,668.37
2024-06-03,ROT,VLSFO,668.87
2024-06-10,ROT,VLSFO,682.5
2024-06-17,ROT,VLSFO,675.53
2024-06-24,ROT,VLSFO,658.63
2024-07-01,ROT,VLSFO,658.71
2024-07-08,ROT,VLSFO,628.02
2024-07-15,ROT,VLSFO,604.74
2024-07-22,ROT,VLSFO,635.3
2024-07-29,ROT,VLSFO,599.39
2024-08-05,ROT,VLSFO,589.13
2024-08-12,ROT,VLSFO,590.16
2024-08-19,ROT,VLSFO,587.6
2024-08-26,ROT,VLSFO,591.59
2024-09-02,ROT,VLSFO,600.5
2024-09-09,ROT,VLSFO,566.33
2024-09-16,ROT,VLSFO,521.94
2024-09-23,ROT,VLSFO,531.21
2024-09-30,ROT,VLSFO,546.91
2024-10-07,ROT,VLSFO,568.81
2024-10-14,ROT,VLSFO,576.48
2024-10-21,ROT,VLSFO,576.85
2024-10-28,ROT,VLSFO,572.17
2024-11-04,ROT,VLSFO,568.85
2024-11-11,ROT,VLSFO,564.88
2024-11-18,ROT,VLSFO,530.91
2024-11-25,ROT,VLSFO,524.15
2024-12-02,ROT,VLSFO,538.19
2024-12-09,ROT,VLSFO,534.8
2024-12-16,ROT,VLSFO,525.46
2024-12-23,ROT,VLSFO,516.92
2024-12-30,ROT,VLSFO,525.35
2023-01-02,ROT,IFO380,466.3
2023-01-09,ROT,IFO380,469.83
2023-01-16,ROT,IFO380,466.93
2023-01-23,ROT,IFO380,471.54
2023-01-30,ROT,IFO380,452.18
2023-02-06,ROT,IFO380,422.03
2023-02-13,ROT,IFO380,438.94
2023-02-20,ROT,IFO380,455.0
2023-02-27,ROT,IFO380,471.56
2023-03-06,ROT,IFO380,478.07
2023-03-13,ROT,IFO380,494.2
2023-03-20,ROT,IFO380,498.18
2023-03-27,ROT,IFO380,501.61
2023-04-03,ROT,IFO380,500.32
2023-04-10,ROT,IFO380,495.32
2023-04-17,ROT,IFO380,477.7
2023-04-24,ROT,IFO380,475.24
2023-05-01,ROT,IFO380,471.31
2023-05-08,ROT,IFO380,464.06
2023-05-15,ROT,IFO380,456.61
2023-05-22,ROT,IFO380,440.42
2023-05-29,ROT,IFO380,476.2
2023-06-05,ROT,IFO380,476.33
2023-06-12,ROT,IFO380,458.56
2023-06-19,ROT,IFO380,472.77
2023-06-26,ROT,IFO380,453.13
2023-07-03,ROT,IFO380,450.57
2023-07-10,ROT,IFO380,461.31
2023-07-17,ROT,IFO380,460.71
2023-07-24,ROT,IFO380,500.33
2023-07-31,ROT,IFO380,466.17
2023-08-07,ROT,IFO380,442.36
2023-08-14,ROT,IFO380,455.54
2023-08-21,ROT,IFO380,430.56
2023-08-28,ROT,IFO380,435.44
2023-09-04,ROT,IFO380,440.18
2023-09-11,ROT,IFO380,416.19
2023-09-18,ROT,IFO380,388.56
2023-09-25,ROT,IFO380,392.95
2023-10-02,ROT,IFO380,386.97
2023-10-09,ROT,IFO380,402.67
2023-10-16,ROT,IFO380,394.75
2023-10-23,ROT,IFO380,392.14
2023-10-30,ROT,IFO380,419.24
2023-11-06,ROT,IFO380,433.87
2023-11-13,ROT,IFO380,400.85
2023-11-20,ROT,IFO380,412.06
2023-11-27,ROT,IFO380,412.27
2023-12-04,ROT,IFO380,428.48
2023-12-11,ROT,IFO380,431.59
2023-12-18,ROT,IFO380,418.18
2023-12-25,ROT,IFO380,431.91
2024-01-01,ROT,IFO380,454.18
2024-01-08,ROT,IFO380,450.09
2024-01-15,ROT,IFO380,431.15
2024-01-22,ROT,IFO380,430.65
2024-01-29,ROT,IFO380,406.65
2024-02-05,ROT,IFO380,440.87
2024-02-12,ROT,IFO380,435.32
2024-02-19,ROT,IFO380,443.09
2024-02-26,ROT,IFO380,454.43
2024-03-04,ROT,IFO380,475.48
2024-03-11,ROT,IFO380,450.38
2024-03-18,ROT,IFO380,452.58
2024-03-25,ROT,IFO380,455.96
2024-04-01,ROT,IFO380,430.22
2024-04-08,ROT,IFO380,453.45
2024-04-15,ROT,IFO380,462.0
2024-04-22,ROT,IFO380,461.36
2024-04-29,ROT,IFO380,477.75
2024-05-06,ROT,IFO380,487.74
2024-05-13,ROT,IFO380,486.01
2024-05-20,ROT,IFO380,480.44
2024-05-27,ROT,IFO380,472.09
2024-06-03,ROT,IFO380,497.22
2024-06-10,ROT,IFO380,519.86
2024-06-17,ROT,IFO380,514.53
2024-06-24,ROT,IFO380,505.06
2024-07-01,ROT,IFO380,518.2
2024-07-08,ROT,IFO380,503.96
2024-07-15,ROT,IFO380,505.16
2024-07-22,ROT,IFO380,544.37
2024-07-29,ROT,IFO380,532.46
2024-08-05,ROT,IFO380,523.74
2024-08-12,ROT,IFO380,513.35
2024-08-19,ROT,IFO380,515.73
2024-08-26,ROT,IFO380,510.97
2024-09-02,ROT,IFO380,517.76
2024-09-09,ROT,IFO380,501.14
2024-09-16,ROT,IFO380,481.31
2024-09-23,ROT,IFO380,493.86
2024-09-30,ROT,IFO380,494.92
2024-10-07,ROT,IFO380,495.88
2024-10-14,ROT,IFO380,480.74
2024-10-21,ROT,IFO380,472.88
2024-10-28,ROT,IFO380,487.17
2024-11-04,ROT,IFO380,483.17
2024-11-11,ROT,IFO380,501.62
2024-11-18,ROT,IFO380,468.84
2024-11-25,ROT,IFO380,453.5
2024-12-02,ROT,IFO380,465.43
2024-12-09,ROT,IFO380,467.61
2024-12-16,ROT,IFO380,445.84
2024-12-23,ROT,IFO380,462.96
2024-12-30,ROT,IFO380,476.52
2023-01-02,ROT,MGO,766.3
2023-01-09,ROT,MGO,753.03
2023-01-16,ROT,MGO,760.72
2023-01-23,ROT,MGO,774.2
2023-01-30,ROT,MGO,789.75
2023-02-06,ROT,MGO,747.36
2023-02-13,ROT,MGO,785.7
2023-02-20,ROT,MGO,775.0
2023-02-27,ROT,MGO,778.55
2023-03-06,ROT,MGO,783.08
2023-03-13,ROT,MGO,796.41
2023-03-20,ROT,MGO,851.82
2023-03-27,ROT,MGO,800.03
2023-04-03,ROT,MGO,783.88
2023-04-10,ROT,MGO,763.07
2023-04-17,ROT,MGO,746.63
2023-04-24,ROT,MGO,749.26
2023-05-01,ROT,MGO,713.35
2023-05-08,ROT,MGO,744.4
2023-05-15,ROT,MGO,718.97
2023-05-22,ROT,MGO,725.88
2023-05-29,ROT,MGO,768.69
2023-06-05,ROT,MGO,737.66
2023-06-12,ROT,MGO,734.0
2023-06-19,ROT,MGO,745.54
2023-06-26,ROT,MGO,708.23
2023-07-03,ROT,MGO,728.6
2023-07-10,ROT,MGO,772.69
2023-07-17,ROT,MGO,796.27
2023-07-24,ROT,MGO,800.18
2023-07-31,ROT,MGO,758.13
2023-08-07,ROT,MGO,758.02
2023-08-14,ROT,MGO,777.33
2023-08-21,ROT,MGO,758.31
2023-08-28,ROT,MGO,780.84
2023-09-04,ROT,MGO,748.24
2023-09-11,ROT,MGO,706.07
2023-09-18,ROT,MGO,668.69
2023-09-25,ROT,MGO,679.92
2023-10-02,ROT,MGO,675.12
2023-10-09,ROT,MGO,668.27
2023-10-16,ROT,MGO,656.7
2023-10-23,ROT,MGO,634.28
2023-10-30,ROT,MGO,636.68
2023-11-06,ROT,MGO,645.04
2023-11-13,ROT,MGO,662.73
2023-11-20,ROT,MGO,689.23
2023-11-27,ROT,MGO,701.64
2023-12-04,ROT,MGO,708.44
2023-12-11,ROT,MGO,729.88
2023-12-18,ROT,MGO,703.33
2023-12-25,ROT,MGO,700.84
2024-01-01,ROT,MGO,738.16
2024-01-08,ROT,MGO,712.94
2024-01-15,ROT,MGO,716.1
2024-01-22,ROT,MGO,712.75
2024-01-29,ROT,MGO,681.92
2024-02-05,ROT,MGO,712.32
2024-02-12,ROT,MGO,690.13
2024-02-19,ROT,MGO,720.49
2024-02-26,ROT,MGO,722.66
2024-03-04,ROT,MGO,734.14
2024-03-11,ROT,MGO,703.95
2024-03-18,ROT,MGO,679.3
2024-03-25,ROT,MGO,693.89
2024-04-01,ROT,MGO,696.67
2024-04-08,ROT,MGO,740.86
2024-04-15,ROT,MGO,747.53
2024-04-22,ROT,MGO,757.42
2024-04-29,ROT,MGO,782.63
2024-05-06,ROT,MGO,790.78
2024-05-13,ROT,MGO,781.31
2024-05-20,ROT,MGO,784.91
2024-05-27,ROT,MGO,782.6
2024-06-03,ROT,MGO,780.42
2024-06-10,ROT,MGO,810.23
2024-06-17,ROT,MGO,810.28
2024-06-24,ROT,MGO,801.94
2024-07-01,ROT,MGO,822.32
2024-07-08,ROT,MGO,795.68
2024-07-15,ROT,MGO,783.27
2024-07-22,ROT,MGO,813.9
2024-07-29,ROT,MGO,805.74
2024-08-05,ROT,MGO,815.77
2024-08-12,ROT,MGO,786.65
2024-08-19,ROT,MGO,763.23
2024-08-26,ROT,MGO,739.88
2024-09-02,ROT,MGO,792.05
2024-09-09,ROT,MGO,777.63
2024-09-16,ROT,MGO,755.56
2024-09-23,ROT,MGO,770.31
2024-09-30,ROT,MGO,794.86
2024-10-07,ROT,MGO,809.12
2024-10-14,ROT,MGO,797.24
2024-10-21,ROT,MGO,811.23
2024-10-28,ROT,MGO,795.79
2024-11-04,ROT,MGO,773.44
2024-11-11,ROT,MGO,777.92
2024-11-18,ROT,MGO,705.48
2024-11-25,ROT,MGO,705.36
2024-12-02,ROT,MGO,704.76
2024-12-09,ROT,MGO,691.51
2024-12-16,ROT,MGO,659.32
2024-12-23,ROT,MGO,696.47
2024-12-30,ROT,MGO,721.38
2023-01-02,QIN,VLSFO,610.44
2023-01-09,QIN,VLSFO,626.17
2023-01-16,QIN,VLSFO,588.37
2023-01-23,QIN,VLSFO,578.33
2023-01-30,QIN,VLSFO,591.11
2023-02-06,QIN,VLSFO,550.23
2023-02-13,QIN,VLSFO,565.73
2023-02-20,QIN,VLSFO,590.25
2023-02-27,QIN,VLSFO,576.7
2023-03-06,QIN,VLSFO,580.85
2023-03-13,QIN,VLSFO,625.61
2023-03-20,QIN,VLSFO,643.49
2023-03-27,QIN,VLSFO,664.56
2023-04-03,QIN,VLSFO,651.85
2023-04-10,QIN,VLSFO,638.38
2023-04-17,QIN,VLSFO,633.0
2023-04-24,QIN,VLSFO,610.84
2023-05-01,QIN,VLSFO,618.87
2023-05-08,QIN,VLSFO,626.47
2023-05-15,QIN,VLSFO,601.9
2023-05-22,QIN,VLSFO,614.17
2023-05-29,QIN,VLSFO,643.73
2023-06-05,QIN,VLSFO,627.42
2023-06-12,QIN,VLSFO,597.09
2023-06-19,QIN,VLSFO,607.71
2023-06-26,QIN,VLSFO,559.24
2023-07-03,QIN,VLSFO,548.93
2023-07-10,QIN,VLSFO,582.39
2023-07-17,QIN,VLSFO,589.88
2023-07-24,QIN,VLSFO,609.25
2023-07-31,QIN,VLSFO,586.14
2023-08-07,QIN,VLSFO,618.88
2023-08-14,QIN,VLSFO,609.29
2023-08-21,QIN,VLSFO,611.71
2023-08-28,QIN,VLSFO,652.05
2023-09-04,QIN,VLSFO,650.86
2023-09-11,QIN,VLSFO,648.7
2023-09-18,QIN,VLSFO,617.37
2023-09-25,QIN,VLSFO,619.32
2023-10-02,QIN,VLSFO,652.54
2023-10-09,QIN,VLSFO,676.05
2023-10-16,QIN,VLSFO,682.86
2023-10-23,QIN,VLSFO,649.21
2023-10-30,QIN,VLSFO,687.88
2023-11-06,QIN,VLSFO,678.76
2023-11-13,QIN,VLSFO,670.95
2023-11-20,QIN,VLSFO,666.59
2023-11-27,QIN,VLSFO,672.28
2023-12-04,QIN,VLSFO,644.28
2023-12-11,QIN,VLSFO,664.09
2023-12-18,QIN,VLSFO,655.03
2023-12-25,QIN,VLSFO,650.13
2024-01-01,QIN,VLSFO,644.25
2024-01-08,QIN,VLSFO,640.06
2024-01-15,QIN,VLSFO,642.44
2024-01-22,QIN,VLSFO,616.25
2024-01-29,QIN,VLSFO,605.8
2024-02-05,QIN,VLSFO,617.0
2024-02-12,QIN,VLSFO,580.31
2024-02-19,QIN,VLSFO,600.59
2024-02-26,QIN,VLSFO,583.6
2024-03-04,QIN,VLSFO,591.04
2024-03-11,QIN,VLSFO,552.18
2024-03-18,QIN,VLSFO,525.68
2024-03-25,QIN,VLSFO,536.74
2024-04-01,QIN,VLSFO,578.77
2024-04-08,QIN,VLSFO,583.57
2024-04-15,QIN,VLSFO,586.37
2024-04-22,QIN,VLSFO,584.93
2024-04-29,QIN,VLSFO,616.31
2024-05-06,QIN,VLSFO,682.2
2024-05-13,QIN,VLSFO,667.84
2024-05-20,QIN,VLSFO,663.82
2024-05-27,QIN,VLSFO,688.6
2024-06-03,QIN,VLSFO,698.33
2024-06-10,QIN,VLSFO,711.0
2024-06-17,QIN,VLSFO,704.15
2024-06-24,QIN,VLSFO,673.21
2024-07-01,QIN,VLSFO,684.82
2024-07-08,QIN,VLSFO,624.47
2024-07-15,QIN,VLSFO,640.93
2024-07-22,QIN,VLSFO,695.06
2024-07-29,QIN,VLSFO,658.73
2024-08-05,QIN,VLSFO,629.05
2024-08-12,QIN,VLSFO,603.72
2024-08-19,QIN,VLSFO,602.49
2024-08-26,QIN,VLSFO,618.77
2024-09-02,QIN,VLSFO,636.0
2024-09-09,QIN,VLSFO,639.18
2024-09-16,QIN,VLSFO,578.9
2024-09-23,QIN,VLSFO,581.3
2024-09-30,QIN,VLSFO,599.1
2024-10-07,QIN,VLSFO,574.87
2024-10-14,QIN,VLSFO,540.96
2024-10-21,QIN,VLSFO,541.41
2024-10-28,QIN,VLSFO,554.58
2024-11-04,QIN,VLSFO,564.57
2024-11-11,QIN,VLSFO,537.11
2024-11-18,QIN,VLSFO,535.28
2024-11-25,QIN,VLSFO,558.43
2024-12-02,QIN,VLSFO,601.62
2024-12-09,QIN,VLSFO,597.47
2024-12-16,QIN,VLSFO,574.86
2024-12-23,QIN,VLSFO,598.6
2024-12-30,QIN,VLSFO,614.21
2023-01-02,QIN,IFO380,470.44
2023-01-09,QIN,IFO380,463.18
2023-01-16,QIN,IFO380,473.72
2023-01-23,QIN,IFO380,488.29
2023-01-30,QIN,IFO380,488.03
2023-02-06,QIN,IFO380,470.87
2023-02-13,QIN,IFO380,496.71
2023-02-20,QIN,IFO380,503.19
2023-02-27,QIN,IFO380,526.19
2023-03-06,QIN,IFO380,499.8
2023-03-13,QIN,IFO380,512.25
2023-03-20,QIN,IFO380,525.78
2023-03-27,QIN,IFO380,513.57
2023-04-03,QIN,IFO380,505.47
2023-04-10,QIN,IFO380,487.91
2023-04-17,QIN,IFO380,464.05
2023-04-24,QIN,IFO380,477.94
2023-05-01,QIN,IFO380,445.23
2023-05-08,QIN,IFO380,434.99
2023-05-15,QIN,IFO380,429.16
2023-05-22,QIN,IFO380,417.34
2023-05-29,QIN,IFO380,444.84
2023-06-05,QIN,IFO380,446.88
2023-06-12,QIN,IFO380,436.48
2023-06-19,QIN,IFO380,458.44
2023-06-26,QIN,IFO380,451.01
2023-07-03,QIN,IFO380,466.56
2023-07-10,QIN,IFO380,480.64
2023-07-17,QIN,IFO380,480.98
2023-07-24,QIN,IFO380,489.78
2023-07-31,QIN,IFO380,477.44
2023-08-07,QIN,IFO380,486.53
2023-08-14,QIN,IFO380,491.45
2023-08-21,QIN,IFO380,483.31
2023-08-28,QIN,IFO380,512.48
2023-09-04,QIN,IFO380,507.31
2023-09-11,QIN,IFO380,478.5
2023-09-18,QIN,IFO380,455.84
2023-09-25,QIN,IFO380,464.18
2023-10-02,QIN,IFO380,469.22
2023-10-09,QIN,IFO380,473.51
2023-10-16,QIN,IFO380,479.39
2023-10-23,QIN,IFO380,469.15
2023-10-30,QIN,IFO380,484.47
2023-11-06,QIN,IFO380,462.12
2023-11-13,QIN,IFO380,467.13
2023-11-20,QIN,IFO380,475.87
2023-11-27,QIN,IFO380,473.52
2023-12-04,QIN,IFO380,503.82
2023-12-11,QIN,IFO380,523.99
2023-12-18,QIN,IFO380,519.64
2023-12-25,QIN,IFO380,506.55
2024-01-01,QIN,IFO380,506.33
2024-01-08,QIN,IFO380,480.56
2024-01-15,QIN,IFO380,475.57
2024-01-22,QIN,IFO380,445.01
2024-01-29,QIN,IFO380,439.14
2024-02-05,QIN,IFO380,451.66
2024-02-12,QIN,IFO380,428.98
2024-02-19,QIN,IFO380,434.13
2024-02-26,QIN,IFO380,419.3
2024-03-04,QIN,IFO380,428.88
2024-03-11,QIN,IFO380,425.41
2024-03-18,QIN,IFO380,433.48
2024-03-25,QIN,IFO380,438.23
2024-04-01,QIN,IFO380,432.76
2024-04-08,QIN,IFO380,437.47
2024-04-15,QIN,IFO380,461.45
2024-04-22,QIN,IFO380,440.64
2024-04-29,QIN,IFO380,465.41
2024-05-06,QIN,IFO380,461.01
2024-05-13,QIN,IFO380,438.21
2024-05-20,QIN,IFO380,448.83
2024-05-27,QIN,IFO380,453.59
2024-06-03,QIN,IFO380,445.53
2024-06-10,QIN,IFO380,469.52
2024-06-17,QIN,IFO380,477.91
2024-06-24,QIN,IFO380,460.54
2024-07-01,QIN,IFO380,472.27
2024-07-08,QIN,IFO380,467.92
2024-07-15,QIN,IFO380,463.09
2024-07-22,QIN,IFO380,490.11
2024-07-29,QIN,IFO380,492.21
2024-08-05,QIN,IFO380,498.13
2024-08-12,QIN,IFO380,489.8
2024-08-19,QIN,IFO380,483.99
2024-08-26,QIN,IFO380,486.02
2024-09-02,QIN,IFO380,492.0
2024-09-09,QIN,IFO380,478.1
2024-09-16,QIN,IFO380,444.95
2024-09-23,QIN,IFO380,449.2
2024-09-30,QIN,IFO380,471.9
2024-10-07,QIN,IFO380,459.02
2024-10-14,QIN,IFO380,440.06
2024-10-21,QIN,IFO380,438.45
2024-10-28,QIN,IFO380,436.37
2024-11-04,QIN,IFO380,437.9
2024-11-11,QIN,IFO380,430.39
2024-11-18,QIN,IFO380,421.8
2024-11-25,QIN,IFO380,422.55
2024-12-02,QIN,IFO380,432.37
2024-12-09,QIN,IFO380,430.2
2024-12-16,QIN,IFO380,418.99
2024-12-23,QIN,IFO380,455.46
2024-12-30,QIN,IFO380,463.48
2023-01-02,QIN,MGO,770.44
2023-01-09,QIN,MGO,780.09
2023-01-16,QIN,MGO,798.4
2023-01-23,QIN,MGO,814.99
2023-01-30,QIN,MGO,820.53
2023-02-06,QIN,MGO,786.74
2023-02-13,QIN,MGO,807.96
2023-02-20,QIN,MGO,785.69
2023-02-27,QIN,MGO,781.2
2023-03-06,QIN,MGO,773.15
2023-03-13,QIN,MGO,806.22
2023-03-20,QIN,MGO,805.23
2023-03-27,QIN,MGO,786.67
2023-04-03,QIN,MGO,785.91
2023-04-10,QIN,MGO,791.94
2023-04-17,QIN,MGO,759.06
2023-04-24,QIN,MGO,765.58
2023-05-01,QIN,MGO,778.55
2023-05-08,QIN,MGO,787.69
2023-05-15,QIN,MGO,795.96
2023-05-22,QIN,MGO,805.91
2023-05-29,QIN,MGO,816.4
2023-06-05,QIN,MGO,794.11
2023-06-12,QIN,MGO,744.63
2023-06-19,QIN,MGO,732.33
2023-06-26,QIN,MGO,699.05
2023-07-03,QIN,MGO,717.59
2023-07-10,QIN,MGO,744.29
2023-07-17,QIN,MGO,738.6
2023-07-24,QIN,MGO,710.97
2023-07-31,QIN,MGO,683.03
2023-08-07,QIN,MGO,710.86
2023-08-14,QIN,MGO,725.98
2023-08-21,QIN,MGO,718.78
2023-08-28,QIN,MGO,785.12
2023-09-04,QIN,MGO,788.76
2023-09-11,QIN,MGO,756.39
2023-09-18,QIN,MGO,692.54
2023-09-25,QIN,MGO,716.24
2023-10-02,QIN,MGO,716.95
2023-10-09,QIN,MGO,735.15
2023-10-16,QIN,MGO,716.69
2023-10-23,QIN,MGO,711.98
2023-10-30,QIN,MGO,714.44
2023-11-06,QIN,MGO,710.05
2023-11-13,QIN,MGO,682.47
2023-11-20,QIN,MGO,702.07
2023-11-27,QIN,MGO,695.3
2023-12-04,QIN,MGO,713.04
2023-12-11,QIN,MGO,729.7
2023-12-18,QIN,MGO,727.17
2023-12-25,QIN,MGO,706.0
2024-01-01,QIN,MGO,716.54
2024-01-08,QIN,MGO,691.87
2024-01-15,QIN,MGO,694.39
2024-01-22,QIN,MGO,700.35
2024-01-29,QIN,MGO,688.14
2024-02-05,QIN,MGO,731.97
2024-02-12,QIN,MGO,716.53
2024-02-19,QIN,MGO,718.48
2024-02-26,QIN,MGO,709.07
2024-03-04,QIN,MGO,739.92
2024-03-11,QIN,MGO,716.07
2024-03-18,QIN,MGO,731.68
2024-03-25,QIN,MGO,695.89
2024-04-01,QIN,MGO,690.5
2024-04-08,QIN,MGO,685.49
2024-04-15,QIN,MGO,672.25
2024-04-22,QIN,MGO,676.12
2024-04-29,QIN,MGO,686.04
2024-05-06,QIN,MGO,713.78
2024-05-13,QIN,MGO,710.14
2024-05-20,QIN,MGO,737.38
2024-05-27,QIN,MGO,724.32
2024-06-03,QIN,MGO,728.27
2024-06-10,QIN,MGO,744.03
2024-06-17,QIN,MGO,728.03
2024-06-24,QIN,MGO,724.24
2024-07-01,QIN,MGO,719.85
2024-07-08,QIN,MGO,669.42
2024-07-15,QIN,MGO,651.46
2024-07-22,QIN,MGO,701.36
2024-07-29,QIN,MGO,710.56
2024-08-05,QIN,MGO,709.69
2024-08-12,QIN,MGO,710.22
2024-08-19,QIN,MGO,700.34
2024-08-26,QIN,MGO,687.14
2024-09-02,QIN,MGO,742.83
2024-09-09,QIN,MGO,740.4
2024-09-16,QIN,MGO,704.74
2024-09-23,QIN,MGO,743.29
2024-09-30,QIN,MGO,773.83
2024-10-07,QIN,MGO,758.13
2024-10-14,QIN,MGO,705.37
2024-10-21,QIN,MGO,669.04
2024-10-28,QIN,MGO,677.53
2024-11-04,QIN,MGO,684.48
2024-11-11,QIN,MGO,696.09
2024-11-18,QIN,MGO,665.78
2024-11-25,QIN,MGO,659.03
2024-12-02,QIN,MGO,672.77
2024-12-09,QIN,MGO,687.91
2024-12-16,QIN,MGO,692.13
2024-12-23,QIN,MGO,715.89
2024-12-30,QIN,MGO,735.24
2023-01-02,VAN,VLSFO,612.1
2023-01-09,VAN,VLSFO,606.46
2023-01-16,VAN,VLSFO,616.54
2023-01-23,VAN,VLSFO,577.35
2023-01-30,VAN,VLSFO,548.18
2023-02-06,VAN,VLSFO,518.56
2023-02-13,VAN,VLSFO,531.33
2023-02-20,VAN,VLSFO,546.84
2023-02-27,VAN,VLSFO,554.53
2023-03-06,VAN,VLSFO,542.57
2023-03-13,VAN,VLSFO,555.81
2023-03-20,VAN,VLSFO,566.61
2023-03-27,VAN,VLSFO,563.31
2023-04-03,VAN,VLSFO,548.1
2023-04-10,VAN,VLSFO,537.05
2023-04-17,VAN,VLSFO,531.62
2023-04-24,VAN,VLSFO,532.39
2023-05-01,VAN,VLSFO,515.85
2023-05-08,VAN,VLSFO,530.11
2023-05-15,VAN,VLSFO,534.87
2023-05-22,VAN,VLSFO,526.25
2023-05-29,VAN,VLSFO,542.29
2023-06-05,VAN,VLSFO,539.35
2023-06-12,VAN,VLSFO,542.63
2023-06-19,VAN,VLSFO,529.95
2023-06-26,VAN,VLSFO,506.42
2023-07-03,VAN,VLSFO,545.65
2023-07-10,VAN,VLSFO,552.81
2023-07-17,VAN,VLSFO,537.13
2023-07-24,VAN,VLSFO,547.12
2023-07-31,VAN,VLSFO,525.87
2023-08-07,VAN,VLSFO,547.63
2023-08-14,VAN,VLSFO,557.43
2023-08-21,VAN,VLSFO,542.18
2023-08-28,VAN,VLSFO,579.11
2023-09-04,VAN,VLSFO,557.47
2023-09-11,VAN,VLSFO,529.09
2023-09-18,VAN,VLSFO,490.43
2023-09-25,VAN,VLSFO,508.82
2023-10-02,VAN,VLSFO,496.33
2023-10-09,VAN,VLSFO,505.45
2023-10-16,VAN,VLSFO,527.28
2023-10-23,VAN,VLSFO,524.43
2023-10-30,VAN,VLSFO,529.54
2023-11-06,VAN,VLSFO,543.87
2023-11-13,VAN,VLSFO,557.37
2023-11-20,VAN,VLSFO,561.73
2023-11-27,VAN,VLSFO,550.77
2023-12-04,VAN,VLSFO,522.53
2023-12-11,VAN,VLSFO,532.03
2023-12-18,VAN,VLSFO,514.83
2023-12-25,VAN,VLSFO,528.72
2024-01-01,VAN,VLSFO,529.4
2024-01-08,VAN,VLSFO,538.01
2024-01-15,VAN,VLSFO,566.58
2024-01-22,VAN,VLSFO,565.48
2024-01-29,VAN,VLSFO,586.34
2024-02-05,VAN,VLSFO,579.86
2024-02-12,VAN,VLSFO,576.03
2024-02-19,VAN,VLSFO,562.96
2024-02-26,VAN,VLSFO,578.98
2024-03-04,VAN,VLSFO,622.66
2024-03-11,VAN,VLSFO,603.18
2024-03-18,VAN,VLSFO,608.46
2024-03-25,VAN,VLSFO,622.72
2024-04-01,VAN,VLSFO,616.01
2024-04-08,VAN,VLSFO,635.43
2024-04-15,VAN,VLSFO,639.48
2024-04-22,VAN,VLSFO,640.19
2024-04-29,VAN,VLSFO,661.58
2024-05-06,VAN,VLSFO,670.33
2024-05-13,VAN,VLSFO,650.82
2024-05-20,VAN,VLSFO,639.13
2024-05-27,VAN,VLSFO,638.28
2024-06-03,VAN,VLSFO,634.91
2024-06-10,VAN,VLSFO,666.5
2024-06-17,VAN,VLSFO,662.76
2024-06-24,VAN,VLSFO,663.67
2024-07-01,VAN,VLSFO,661.19
2024-07-08,VAN,VLSFO,641.43
2024-07-15,VAN,VLSFO,628.46
2024-07-22,VAN,VLSFO,640.05
2024-07-29,VAN,VLSFO,629.88
2024-08-05,VAN,VLSFO,641.56
2024-08-12,VAN,VLSFO,613.89
2024-08-19,VAN,VLSFO,622.9
2024-08-26,VAN,VLSFO,601.0
2024-09-02,VAN,VLSFO,600.85
2024-09-09,VAN,VLSFO,593.18
2024-09-16,VAN,VLSFO,564.94
2024-09-23,VAN,VLSFO,588.23
2024-09-30,VAN,VLSFO,599.98
2024-10-07,VAN,VLSFO,602.52
2024-10-14,VAN,VLSFO,562.98
2024-10-21,VAN,VLSFO,573.22
2024-10-28,VAN,VLSFO,584.47
2024-11-04,VAN,VLSFO,584.14
2024-11-11,VAN,VLSFO,594.33
2024-11-18,VAN,VLSFO,557.38
2024-11-25,VAN,VLSFO,548.71
2024-12-02,VAN,VLSFO,568.76
2024-12-09,VAN,VLSFO,581.2
2024-12-16,VAN,VLSFO,595.46
2024-12-23,VAN,VLSFO,597.03
2024-12-30,VAN,VLSFO,595.68
2023-01-02,VAN,IFO380,472.1
2023-01-09,VAN,IFO380,463.06
2023-01-16,VAN,IFO380,488.35
2023-01-23,VAN,IFO380,503.5
2023-01-30,VAN,IFO380,492.24
2023-02-06,VAN,IFO380,460.88
2023-02-13,VAN,IFO380,464.48
2023-02-20,VAN,IFO380,463.93
2023-02-27,VAN,IFO380,454.31
2023-03-06,VAN,IFO380,471.3
2023-03-13,VAN,IFO380,486.19
2023-03-20,VAN,IFO380,506.23
2023-03-27,VAN,IFO380,509.2
2023-04-03,VAN,IFO380,513.62
2023-04-10,VAN,IFO380,507.85
2023-04-17,VAN,IFO380,489.85
2023-04-24,VAN,IFO380,503.4
2023-05-01,VAN,IFO380,489.4
2023-05-08,VAN,IFO380,484.74
2023-05-15,VAN,IFO380,491.97
2023-05-22,VAN,IFO380,476.65
2023-05-29,VAN,IFO380,479.4
2023-06-05,VAN,IFO380,489.18
2023-06-12,VAN,IFO380,478.16
2023-06-19,VAN,IFO380,476.65
2023-06-26,VAN,IFO380,449.78
2023-07-03,VAN,IFO380,438.91
2023-07-10,VAN,IFO380,462.21
2023-07-17,VAN,IFO380,466.36
2023-07-24,VAN,IFO380,477.06
2023-07-31,VAN,IFO380,469.01
2023-08-07,VAN,IFO380,469.21
2023-08-14,VAN,IFO380,486.85
2023-08-21,VAN,IFO380,478.03
2023-08-28,VAN,IFO380,503.51
2023-09-04,VAN,IFO380,472.09
2023-09-11,VAN,IFO380,461.96
2023-09-18,VAN,IFO380,440.87
2023-09-25,VAN,IFO380,437.04
2023-10-02,VAN,IFO380,442.57
2023-10-09,VAN,IFO380,443.4
2023-10-16,VAN,IFO380,438.22
2023-10-23,VAN,IFO380,424.11
2023-10-30,VAN,IFO380,427.83
2023-11-06,VAN,IFO380,421.83
2023-11-13,VAN,IFO380,430.74
2023-11-20,VAN,IFO380,430.52
2023-11-27,VAN,IFO380,408.8
2023-12-04,VAN,IFO380,414.72
2023-12-11,VAN,IFO380,432.72
2023-12-18,VAN,IFO380,425.2
2023-12-25,VAN,IFO380,397.23
2024-01-01,VAN,IFO380,397.15
2024-01-08,VAN,IFO380,386.46
2024-01-15,VAN,IFO380,373.6
2024-01-22,VAN,IFO380,385.49
2024-01-29,VAN,IFO380,383.43
2024-02-05,VAN,IFO380,382.61
2024-02-12,VAN,IFO380,384.03
2024-02-19,VAN,IFO380,384.65
2024-02-26,VAN,IFO380,405.09
2024-03-04,VAN,IFO380,427.05
2024-03-11,VAN,IFO380,439.14
2024-03-18,VAN,IFO380,435.05
2024-03-25,VAN,IFO380,445.34
2024-04-01,VAN,IFO380,440.75
2024-04-08,VAN,IFO380,450.44
2024-04-15,VAN,IFO380,461.23
2024-04-22,VAN,IFO380,464.09
2024-04-29,VAN,IFO380,474.35
2024-05-06,VAN,IFO380,498.23
2024-05-13,VAN,IFO380,482.5
2024-05-20,VAN,IFO380,472.7
2024-05-27,VAN,IFO380,482.61
2024-06-03,VAN,IFO380,482.08
2024-06-10,VAN,IFO380,497.57
2024-06-17,VAN,IFO380,490.33
2024-06-24,VAN,IFO380,485.12
2024-07-01,VAN,IFO380,491.95
2024-07-08,VAN,IFO380,443.14
2024-07-15,VAN,IFO380,447.33
2024-07-22,VAN,IFO380,474.64
2024-07-29,VAN,IFO380,466.41
2024-08-05,VAN,IFO380,481.35
2024-08-12,VAN,IFO380,477.04
2024-08-19,VAN,IFO380,492.57
2024-08-26,VAN,IFO380,498.45
2024-09-02,VAN,IFO380,523.34
2024-09-09,VAN,IFO380,525.38
2024-09-16,VAN,IFO380,492.05
2024-09-23,VAN,IFO380,481.4
2024-09-30,VAN,IFO380,497.52
2024-10-07,VAN,IFO380,503.59
2024-10-14,VAN,IFO380,488.03
2024-10-21,VAN,IFO380,478.08
2024-10-28,VAN,IFO380,471.01
2024-11-04,VAN,IFO380,454.65
2024-11-11,VAN,IFO380,454.13
2024-11-18,VAN,IFO380,424.02
2024-11-25,VAN,IFO380,419.99
2024-12-02,VAN,IFO380,434.99
2024-12-09,VAN,IFO380,445.17
2024-12-16,VAN,IFO380,444.38
2024-12-23,VAN,IFO380,469.44
2024-12-30,VAN,IFO380,469.79
2023-01-02,VAN,MGO,772.1
2023-01-09,VAN,MGO,757.43
2023-01-16,VAN,MGO,762.24
2023-01-23,VAN,MGO,768.41
2023-01-30,VAN,MGO,733.02
2023-02-06,VAN,MGO,684.11
2023-02-13,VAN,MGO,721.33
2023-02-20,VAN,MGO,744.43
2023-02-27,VAN,MGO,778.86
2023-03-06,VAN,MGO,762.74
2023-03-13,VAN,MGO,799.05
2023-03-20,VAN,MGO,822.17
2023-03-27,VAN,MGO,821.41
2023-04-03,VAN,MGO,823.46
2023-04-10,VAN,MGO,819.63
2023-04-17,VAN,MGO,833.97
2023-04-24,VAN,MGO,842.64
2023-05-01,VAN,MGO,819.5
2023-05-08,VAN,MGO,840.51
2023-05-15,VAN,MGO,846.04
2023-05-22,VAN,MGO,804.77
2023-05-29,VAN,MGO,834.21
2023-06-05,VAN,MGO,818.02
2023-06-12,VAN,MGO,789.02
2023-06-19,VAN,MGO,774.98
2023-06-26,VAN,MGO,720.6
2023-07-03,VAN,MGO,748.68
2023-07-10,VAN,MGO,789.43
2023-07-17,VAN,MGO,815.2
2023-07-24,VAN,MGO,800.13
2023-07-31,VAN,MGO,748.4
2023-08-07,VAN,MGO,754.61
2023-08-14,VAN,MGO,770.77
2023-08-21,VAN,MGO,766.81
2023-08-28,VAN,MGO,807.55
2023-09-04,VAN,MGO,791.0
2023-09-11,VAN,MGO,761.26
2023-09-18,VAN,MGO,723.65
2023-09-25,VAN,MGO,739.22
2023-10-02,VAN,MGO,724.84
2023-10-09,VAN,MGO,761.35
2023-10-16,VAN,MGO,748.32
2023-10-23,VAN,MGO,705.06
2023-10-30,VAN,MGO,728.61
2023-11-06,VAN,MGO,720.86
2023-11-13,VAN,MGO,720.1
2023-11-20,VAN,MGO,759.32
2023-11-27,VAN,MGO,758.29
2023-12-04,VAN,MGO,781.91
2023-12-11,VAN,MGO,781.15
2023-12-18,VAN,MGO,775.32
2023-12-25,VAN,MGO,742.44
2024-01-01,VAN,MGO,742.48
2024-01-08,VAN,MGO,731.58
2024-01-15,VAN,MGO,721.47
2024-01-22,VAN,MGO,741.86
2024-01-29,VAN,MGO,767.23
2024-02-05,VAN,MGO,778.18
2024-02-12,VAN,MGO,748.51
2024-02-19,VAN,MGO,725.62
2024-02-26,VAN,MGO,730.68
2024-03-04,VAN,MGO,747.05
2024-03-11,VAN,MGO,731.55
2024-03-18,VAN,MGO,704.05
2024-03-25,VAN,MGO,697.05
2024-04-01,VAN,MGO,698.61
2024-04-08,VAN,MGO,741.31
2024-04-15,VAN,MGO,729.61
2024-04-22,VAN,MGO,740.25
2024-04-29,VAN,MGO,762.9
2024-05-06,VAN,MGO,788.94
2024-05-13,VAN,MGO,751.12
2024-05-20,VAN,MGO,765.0
2024-05-27,VAN,MGO,770.68
2024-06-03,VAN,MGO,794.74
2024-06-10,VAN,MGO,849.12
2024-06-17,VAN,MGO,814.16
2024-06-24,VAN,MGO,798.87
2024-07-01,VAN,MGO,802.3
2024-07-08,VAN,MGO,730.68
2024-07-15,VAN,MGO,706.71
2024-07-22,VAN,MGO,755.78
2024-07-29,VAN,MGO,786.18
2024-08-05,VAN,MGO,796.26
2024-08-12,VAN,MGO,802.43
2024-08-19,VAN,MGO,810.66
2024-08-26,VAN,MGO,827.99
2024-09-02,VAN,MGO,839.34
2024-09-09,VAN,MGO,797.33
2024-09-16,VAN,MGO,761.92
2024-09-23,VAN,MGO,744.84
2024-09-30,VAN,MGO,744.43
2024-10-07,VAN,MGO,727.73
2024-10-14,VAN,MGO,715.63
2024-10-21,VAN,MGO,694.89
2024-10-28,VAN,MGO,707.95
2024-11-04,VAN,MGO,691.28
2024-11-11,VAN,MGO,727.1
2024-11-18,VAN,MGO,686.04
2024-11-25,VAN,MGO,681.87
2024-12-02,VAN,MGO,696.5
2024-12-09,VAN,MGO,723.8
2024-12-16,VAN,MGO,730.01
2024-12-23,VAN,MGO,761.3
2024-12-30,VAN,MGO,768.3
2023-01-02,RIB,VLSFO,612.48
2023-01-09,RIB,VLSFO,606.97
2023-01-16,RIB,VLSFO,599.49
2023-01-23,RIB,VLSFO,609.43
2023-01-30,RIB,VLSFO,581.77
2023-02-06,RIB,VLSFO,534.38
2023-02-13,RIB,VLSFO,559.32
2023-02-20,RIB,VLSFO,574.73
2023-02-27,RIB,VLSFO,565.35
2023-03-06,RIB,VLSFO,550.62
2023-03-13,RIB,VLSFO,609.55
2023-03-20,RIB,VLSFO,606.04
2023-03-27,RIB,VLSFO,597.37
2023-04-03,RIB,VLSFO,609.2
2023-04-10,RIB,VLSFO,615.97
2023-04-17,RIB,VLSFO,629.12
2023-04-24,RIB,VLSFO,640.29
2023-05-01,RIB,VLSFO,624.47
2023-05-08,RIB,VLSFO,632.98
2023-05-15,RIB,VLSFO,618.93
2023-05-22,RIB,VLSFO,625.5
2023-05-29,RIB,VLSFO,652.27
2023-06-05,RIB,VLSFO,622.16
2023-06-12,RIB,VLSFO,608.36
2023-06-19,RIB,VLSFO,601.27
2023-06-26,RIB,VLSFO,576.47
2023-07-03,RIB,VLSFO,576.22
2023-07-10,RIB,VLSFO,594.34
2023-07-17,RIB,VLSFO,558.74
2023-07-24,RIB,VLSFO,568.16
2023-07-31,RIB,VLSFO,526.24
2023-08-07,RIB,VLSFO,553.7
2023-08-14,RIB,VLSFO,544.72
2023-08-21,RIB,VLSFO,527.46
2023-08-28,RIB,VLSFO,543.82
2023-09-04,RIB,VLSFO,537.32
2023-09-11,RIB,VLSFO,536.49
2023-09-18,RIB,VLSFO,521.65
2023-09-25,RIB,VLSFO,526.28
2023-10-02,RIB,VLSFO,536.95
2023-10-09,RIB,VLSFO,544.7
2023-10-16,RIB,VLSFO,544.85
2023-10-23,RIB,VLSFO,528.49
2023-10-30,RIB,VLSFO,540.99
2023-11-06,RIB,VLSFO,554.08
2023-11-13,RIB,VLSFO,556.96
2023-11-20,RIB,VLSFO,553.85
2023-11-27,RIB,VLSFO,556.06
2023-12-04,RIB,VLSFO,567.59
2023-12-11,RIB,VLSFO,570.05
2023-12-18,RIB,VLSFO,556.13
2023-12-25,RIB,VLSFO,552.23
2024-01-01,RIB,VLSFO,577.62
2024-01-08,RIB,VLSFO,587.26
2024-01-15,RIB,VLSFO,593.57
2024-01-22,RIB,VLSFO,605.64
2024-01-29,RIB,VLSFO,589.44
2024-02-05,RIB,VLSFO,608.75
2024-02-12,RIB,VLSFO,589.53
2024-02-19,RIB,VLSFO,572.17
2024-02-26,RIB,VLSFO,565.63
2024-03-04,RIB,VLSFO,589.27
2024-03-11,RIB,VLSFO,593.79
2024-03-18,RIB,VLSFO,592.84
2024-03-25,RIB,VLSFO,622.27
2024-04-01,RIB,VLSFO,637.46
2024-04-08,RIB,VLSFO,648.64
2024-04-15,RIB,VLSFO,644.41
2024-04-22,RIB,VLSFO,676.61
2024-04-29,RIB,VLSFO,684.01
2024-05-06,RIB,VLSFO,691.24
2024-05-13,RIB,VLSFO,675.07
2024-05-20,RIB,VLSFO,663.14
2024-05-27,RIB,VLSFO,679.87
2024-06-03,RIB,VLSFO,653.44
2024-06-10,RIB,VLSFO,684.29
2024-06-17,RIB,VLSFO,691.77
2024-06-24,RIB,VLSFO,668.44
2024-07-01,RIB,VLSFO,661.7
2024-07-08,RIB,VLSFO,625.59
2024-07-15,RIB,VLSFO,635.96
2024-07-22,RIB,VLSFO,656.65
2024-07-29,RIB,VLSFO,651.83
2024-08-05,RIB,VLSFO,672.51
2024-08-12,RIB,VLSFO,665.86
2024-08-19,RIB,VLSFO,660.73
2024-08-26,RIB,VLSFO,661.4
2024-09-02,RIB,VLSFO,686.22
2024-09-09,RIB,VLSFO,662.36
2024-09-16,RIB,VLSFO,621.29
2024-09-23,RIB,VLSFO,587.04
2024-09-30,RIB,VLSFO,609.32
2024-10-07,RIB,VLSFO,614.36
2024-10-14,RIB,VLSFO,601.09
2024-10-21,RIB,VLSFO,581.88
2024-10-28,RIB,VLSFO,612.75
2024-11-04,RIB,VLSFO,624.62
2024-11-11,RIB,VLSFO,612.6
2024-11-18,RIB,VLSFO,581.17
2024-11-25,RIB,VLSFO,569.96
2024-12-02,RIB,VLSFO,570.86
2024-12-09,RIB,VLSFO,583.97
2024-12-16,RIB,VLSFO,585.88
2024-12-23,RIB,VLSFO,591.6
2024-12-30,RIB,VLSFO,603.24
2023-01-02,RIB,IFO380,472.48
2023-01-09,RIB,IFO380,463.27
2023-01-16,RIB,IFO380,453.32
2023-01-23,RIB,IFO380,443.95
2023-01-30,RIB,IFO380,432.77
2023-02-06,RIB,IFO380,407.43
2023-02-13,RIB,IFO380,416.36
2023-02-20,RIB,IFO380,416.97
2023-02-27,RIB,IFO380,399.28
2023-03-06,RIB,IFO380,383.99
2023-03-13,RIB,IFO380,396.74
2023-03-20,RIB,IFO380,397.02
2023-03-27,RIB,IFO380,396.42
2023-04-03,RIB,IFO380,411.6
2023-04-10,RIB,IFO380,400.57
2023-04-17,RIB,IFO380,397.42
2023-04-24,RIB,IFO380,407.13
2023-05-01,RIB,IFO380,401.2
2023-05-08,RIB,IFO380,408.82
2023-05-15,RIB,IFO380,414.66
2023-05-22,RIB,IFO380,406.17
2023-05-29,RIB,IFO380,457.8
2023-06-05,RIB,IFO380,455.27
2023-06-12,RIB,IFO380,449.14
2023-06-19,RIB,IFO380,458.68
2023-06-26,RIB,IFO380,423.24
2023-07-03,RIB,IFO380,434.29
2023-07-10,RIB,IFO380,440.52
2023-07-17,RIB,IFO380,452.99
2023-07-24,RIB,IFO380,459.59
2023-07-31,RIB,IFO380,445.24
2023-08-07,RIB,IFO380,443.68
2023-08-14,RIB,IFO380,442.86
2023-08-21,RIB,IFO380,430.28
2023-08-28,RIB,IFO380,452.96
2023-09-04,RIB,IFO380,444.75
2023-09-11,RIB,IFO380,443.12
2023-09-18,RIB,IFO380,423.82
2023-09-25,RIB,IFO380,430.39
2023-10-02,RIB,IFO380,451.11
2023-10-09,RIB,IFO380,453.83
2023-10-16,RIB,IFO380,473.2
2023-10-23,RIB,IFO380,463.64
2023-10-30,RIB,IFO380,478.11
2023-11-06,RIB,IFO380,463.28
2023-11-13,RIB,IFO380,458.8
2023-11-20,RIB,IFO380,483.02
2023-11-27,RIB,IFO380,488.93
2023-12-04,RIB,IFO380,474.54
2023-12-11,RIB,IFO380,482.1
2023-12-18,RIB,IFO380,467.24
2023-12-25,RIB,IFO380,458.2
2024-01-01,RIB,IFO380,442.69
2024-01-08,RIB,IFO380,431.34
2024-01-15,RIB,IFO380,441.87
2024-01-22,RIB,IFO380,443.25
2024-01-29,RIB,IFO380,436.37
2024-02-05,RIB,IFO380,460.99
2024-02-12,RIB,IFO380,464.84
2024-02-19,RIB,IFO380,476.58
2024-02-26,RIB,IFO380,487.7
2024-03-04,RIB,IFO380,512.38
2024-03-11,RIB,IFO380,485.43
2024-03-18,RIB,IFO380,455.57
2024-03-25,RIB,IFO380,444.52
2024-04-01,RIB,IFO380,455.36
2024-04-08,RIB,IFO380,476.74
2024-04-15,RIB,IFO380,462.59
2024-04-22,RIB,IFO380,475.78
2024-04-29,RIB,IFO380,504.1
2024-05-06,RIB,IFO380,513.88
2024-05-13,RIB,IFO380,492.94
2024-05-20,RIB,IFO380,488.81
2024-05-27,RIB,IFO380,502.01
2024-06-03,RIB,IFO380,499.5
2024-06-10,RIB,IFO380,508.59
2024-06-17,RIB,IFO380,492.5
2024-06-24,RIB,IFO380,461.24
2024-07-01,RIB,IFO380,476.73
2024-07-08,RIB,IFO380,444.73
2024-07-15,RIB,IFO380,433.61
2024-07-22,RIB,IFO380,448.59
2024-07-29,RIB,IFO380,437.87
2024-08-05,RIB,IFO380,444.23
2024-08-12,RIB,IFO380,431.61
2024-08-19,RIB,IFO380,422.41
2024-08-26,RIB,IFO380,435.11
2024-09-02,RIB,IFO380,465.56
2024-09-09,RIB,IFO380,466.7
2024-09-16,RIB,IFO380,434.11
2024-09-23,RIB,IFO380,441.17
2024-09-30,RIB,IFO380,474.16
2024-10-07,RIB,IFO380,468.28
2024-10-14,RIB,IFO380,453.98
2024-10-21,RIB,IFO380,453.06
2024-10-28,RIB,IFO380,471.08
2024-11-04,RIB,IFO380,455.08
2024-11-11,RIB,IFO380,461.73
2024-11-18,RIB,IFO380,435.1
2024-11-25,RIB,IFO380,439.48
2024-12-02,RIB,IFO380,452.5
2024-12-09,RIB,IFO380,452.94
2024-12-16,RIB,IFO380,441.59
2024-12-23,RIB,IFO380,453.19
2024-12-30,RIB,IFO380,464.52
2023-01-02,RIB,MGO,772.48
2023-01-09,RIB,MGO,788.81
2023-01-16,RIB,MGO,840.0
2023-01-23,RIB,MGO,797.12
2023-01-30,RIB,MGO,779.65
2023-02-06,RIB,MGO,767.86
2023-02-13,RIB,MGO,801.82
2023-02-20,RIB,MGO,824.1
2023-02-27,RIB,MGO,827.88
2023-03-06,RIB,MGO,831.55
2023-03-13,RIB,MGO,890.86
2023-03-20,RIB,MGO,917.27
2023-03-27,RIB,MGO,929.83
2023-04-03,RIB,MGO,899.01
2023-04-10,RIB,MGO,851.26
2023-04-17,RIB,MGO,828.39
2023-04-24,RIB,MGO,824.35
2023-05-01,RIB,MGO,830.3
2023-05-08,RIB,MGO,830.47
2023-05-15,RIB,MGO,822.69
2023-05-22,RIB,MGO,814.61
2023-05-29,RIB,MGO,867.49
2023-06-05,RIB,MGO,854.31
2023-06-12,RIB,MGO,817.8
2023-06-19,RIB,MGO,823.91
2023-06-26,RIB,MGO,790.92
2023-07-03,RIB,MGO,810.79
2023-07-10,RIB,MGO,815.86
2023-07-17,RIB,MGO,843.95
2023-07-24,RIB,MGO,858.06
2023-07-31,RIB,MGO,828.23
2023-08-07,RIB,MGO,848.93
2023-08-14,RIB,MGO,850.62
2023-08-21,RIB,MGO,804.32
2023-08-28,RIB,MGO,828.3
2023-09-04,RIB,MGO,792.96
2023-09-11,RIB,MGO,779.54
2023-09-18,RIB,MGO,734.0
2023-09-25,RIB,MGO,740.95
2023-10-02,RIB,MGO,756.41
2023-10-09,RIB,MGO,738.61
2023-10-16,RIB,MGO,729.43
2023-10-23,RIB,MGO,720.56
2023-10-30,RIB,MGO,758.96
2023-11-06,RIB,MGO,733.92
2023-11-13,RIB,MGO,727.15
2023-11-20,RIB,MGO,757.95
2023-11-27,RIB,MGO,746.85
2023-12-04,RIB,MGO,770.25
2023-12-11,RIB,MGO,791.51
2023-12-18,RIB,MGO,771.2
2023-12-25,RIB,MGO,770.19
2024-01-01,RIB,MGO,786.9
2024-01-08,RIB,MGO,765.28
2024-01-15,RIB,MGO,747.86
2024-01-22,RIB,MGO,751.73
2024-01-29,RIB,MGO,740.15
2024-02-05,RIB,MGO,769.0
2024-02-12,RIB,MGO,763.53
2024-02-19,RIB,MGO,792.43
2024-02-26,RIB,MGO,804.27
2024-03-04,RIB,MGO,825.58
2024-03-11,RIB,MGO,797.01
2024-03-18,RIB,MGO,814.91
2024-03-25,RIB,MGO,798.65
2024-04-01,RIB,MGO,794.38
2024-04-08,RIB,MGO,817.99
2024-04-15,RIB,MGO,805.39
2024-04-22,RIB,MGO,855.14
2024-04-29,RIB,MGO,890.31
2024-05-06,RIB,MGO,918.68
2024-05-13,RIB,MGO,872.27
2024-05-20,RIB,MGO,857.2
2024-05-27,RIB,MGO,866.65
2024-06-03,RIB,MGO,843.74
2024-06-10,RIB,MGO,878.75
2024-06-17,RIB,MGO,892.46
2024-06-24,RIB,MGO,844.24
2024-07-01,RIB,MGO,849.99
2024-07-08,RIB,MGO,814.59
2024-07-15,RIB,MGO,777.09
2024-07-22,RIB,MGO,829.42
2024-07-29,RIB,MGO,819.95
2024-08-05,RIB,MGO,768.98
2024-08-12,RIB,MGO,748.08
2024-08-19,RIB,MGO,722.46
2024-08-26,RIB,MGO,735.14
2024-09-02,RIB,MGO,762.27
2024-09-09,RIB,MGO,725.29
2024-09-16,RIB,MGO,682.06
2024-09-23,RIB,MGO,718.16
2024-09-30,RIB,MGO,733.03
2024-10-07,RIB,MGO,721.6
2024-10-14,RIB,MGO,721.98
2024-10-21,RIB,MGO,723.26
2024-10-28,RIB,MGO,731.91
2024-11-04,RIB,MGO,725.59
2024-11-11,RIB,MGO,723.1
2024-11-18,RIB,MGO,674.26
2024-11-25,RIB,MGO,697.13
2024-12-02,RIB,MGO,727.76
2024-12-09,RIB,MGO,707.67
2024-12-16,RIB,MGO,687.17
2024-12-23,RIB,MGO,682.49
2024-12-30,RIB,MGO,683.09
2023-01-02,TUB,VLSFO,622.14
2023-01-09,TUB,VLSFO,617.29
2023-01-16,TUB,VLSFO,623.18
2023-01-23,TUB,VLSFO,594.42
2023-01-30,TUB,VLSFO,594.76
2023-02-06,TUB,VLSFO,591.54
2023-02-13,TUB,VLSFO,623.15
2023-02-20,TUB,VLSFO,608.56
2023-02-27,TUB,VLSFO,611.72
2023-03-06,TUB,VLSFO,598.1
2023-03-13,TUB,VLSFO,608.95
2023-03-20,TUB,VLSFO,625.16
2023-03-27,TUB,VLSFO,609.35
2023-04-03,TUB,VLSFO,583.89
2023-04-10,TUB,VLSFO,571.53
2023-04-17,TUB,VLSFO,551.19
2023-04-24,TUB,VLSFO,566.75
2023-05-01,TUB,VLSFO,561.83
2023-05-08,TUB,VLSFO,584.37
2023-05-15,TUB,VLSFO,589.21
2023-05-22,TUB,VLSFO,580.23
2023-05-29,TUB,VLSFO,583.13
2023-06-05,TUB,VLSFO,568.65
2023-06-12,TUB,VLSFO,566.25
2023-06-19,TUB,VLSFO,582.93
2023-06-26,TUB,VLSFO,557.46
2023-07-03,TUB,VLSFO,572.02
2023-07-10,TUB,VLSFO,583.88
2023-07-17,TUB,VLSFO,569.05
2023-07-24,TUB,VLSFO,598.25
2023-07-31,TUB,VLSFO,579.4
2023-08-07,TUB,VLSFO,575.35
2023-08-14,TUB,VLSFO,556.38
2023-08-21,TUB,VLSFO,559.29
2023-08-28,TUB,VLSFO,588.69
2023-09-04,TUB,VLSFO,584.95
2023-09-11,TUB,VLSFO,589.47
2023-09-18,TUB,VLSFO,601.71
2023-09-25,TUB,VLSFO,603.24
2023-10-02,TUB,VLSFO,625.48
2023-10-09,TUB,VLSFO,634.16
2023-10-16,TUB,VLSFO,609.48
2023-10-23,TUB,VLSFO,617.0
2023-10-30,TUB,VLSFO,632.27
2023-11-06,TUB,VLSFO,620.21
2023-11-13,TUB,VLSFO,607.55
2023-11-20,TUB,VLSFO,621.13
2023-11-27,TUB,VLSFO,650.8
2023-12-04,TUB,VLSFO,697.19
2023-12-11,TUB,VLSFO,722.45
2023-12-18,TUB,VLSFO,705.58
2023-12-25,TUB,VLSFO,672.46
2024-01-01,TUB,VLSFO,690.59
2024-01-08,TUB,VLSFO,667.62
2024-01-15,TUB,VLSFO,668.96
2024-01-22,TUB,VLSFO,677.58
2024-01-29,TUB,VLSFO,653.39
2024-02-05,TUB,VLSFO,665.73
2024-02-12,TUB,VLSFO,641.72
2024-02-19,TUB,VLSFO,635.24
2024-02-26,TUB,VLSFO,647.38
2024-03-04,TUB,VLSFO,661.73
2024-03-11,TUB,VLSFO,664.88
2024-03-18,TUB,VLSFO,653.18
2024-03-25,TUB,VLSFO,657.98
2024-04-01,TUB,VLSFO,661.98
2024-04-08,TUB,VLSFO,651.78
2024-04-15,TUB,VLSFO,670.42
2024-04-22,TUB,VLSFO,673.58
2024-04-29,TUB,VLSFO,712.86
2024-05-06,TUB,VLSFO,764.27
2024-05-13,TUB,VLSFO,725.89
2024-05-20,TUB,VLSFO,729.31
2024-05-27,TUB,VLSFO,734.77
2024-06-03,TUB,VLSFO,750.55
2024-06-10,TUB,VLSFO,762.28
2024-06-17,TUB,VLSFO,755.17
2024-06-24,TUB,VLSFO,730.79
2024-07-01,TUB,VLSFO,740.44
2024-07-08,TUB,VLSFO,698.32
2024-07-15,TUB,VLSFO,687.53
2024-07-22,TUB,VLSFO,725.66
2024-07-29,TUB,VLSFO,715.77
2024-08-05,TUB,VLSFO,713.23
2024-08-12,TUB,VLSFO,680.7
2024-08-19,TUB,VLSFO,672.68
2024-08-26,TUB,VLSFO,683.89
2024-09-02,TUB,VLSFO,696.0
2024-09-09,TUB,VLSFO,679.24
2024-09-16,TUB,VLSFO,628.67
2024-09-23,TUB,VLSFO,640.29
2024-09-30,TUB,VLSFO,678.63
2024-10-07,TUB,VLSFO,677.49
2024-10-14,TUB,VLSFO,651.91
2024-10-21,TUB,VLSFO,650.76
2024-10-28,TUB,VLSFO,656.16
2024-11-04,TUB,VLSFO,659.49
2024-11-11,TUB,VLSFO,650.99
2024-11-18,TUB,VLSFO,608.7
2024-11-25,TUB,VLSFO,641.43
2024-12-02,TUB,VLSFO,653.68
2024-12-09,TUB,VLSFO,660.95
2024-12-16,TUB,VLSFO,643.22
2024-12-23,TUB,VLSFO,664.04
2024-12-30,TUB,VLSFO,650.08
2023-01-02,TUB,IFO380,482.14
2023-01-09,TUB,IFO380,471.9
2023-01-16,TUB,IFO380,481.13
2023-01-23,TUB,IFO380,489.81
2023-01-30,TUB,IFO380,463.16
2023-02-06,TUB,IFO380,438.8
2023-02-13,TUB,IFO380,441.83
2023-02-20,TUB,IFO380,445.18
2023-02-27,TUB,IFO380,450.98
2023-03-06,TUB,IFO380,431.89
2023-03-13,TUB,IFO380,448.65
2023-03-20,TUB,IFO380,466.89
2023-03-27,TUB,IFO380,487.6
2023-04-03,TUB,IFO380,480.97
2023-04-10,TUB,IFO380,490.32
2023-04-17,TUB,IFO380,479.12
2023-04-24,TUB,IFO380,465.03
2023-05-01,TUB,IFO380,466.01
2023-05-08,TUB,IFO380,457.26
2023-05-15,TUB,IFO380,461.51
2023-05-22,TUB,IFO380,464.51
2023-05-29,TUB,IFO380,491.48
2023-06-05,TUB,IFO380,473.81
2023-06-12,TUB,IFO380,460.8
2023-06-19,TUB,IFO380,462.76
2023-06-26,TUB,IFO380,454.09
2023-07-03,TUB,IFO380,476.07
2023-07-10,TUB,IFO380,484.1
2023-07-17,TUB,IFO380,468.8
2023-07-24,TUB,IFO380,460.69
2023-07-31,TUB,IFO380,441.09
2023-08-07,TUB,IFO380,432.94
2023-08-14,TUB,IFO380,462.31
2023-08-21,TUB,IFO380,476.87
2023-08-28,TUB,IFO380,490.95
2023-09-04,TUB,IFO380,487.54
2023-09-11,TUB,IFO380,473.91
2023-09-18,TUB,IFO380,467.35
2023-09-25,TUB,IFO380,484.96
2023-10-02,TUB,IFO380,486.75
2023-10-09,TUB,IFO380,506.28
2023-10-16,TUB,IFO380,490.37
2023-10-23,TUB,IFO380,480.39
2023-10-30,TUB,IFO380,510.45
2023-11-06,TUB,IFO380,491.18
2023-11-13,TUB,IFO380,467.72
2023-11-20,TUB,IFO380,475.24
2023-11-27,TUB,IFO380,471.09
2023-12-04,TUB,IFO380,478.53
2023-12-11,TUB,IFO380,485.46
2023-12-18,TUB,IFO380,484.26
2023-12-25,TUB,IFO380,478.01
2024-01-01,TUB,IFO380,484.77
2024-01-08,TUB,IFO380,477.52
2024-01-15,TUB,IFO380,480.72
2024-01-22,TUB,IFO380,474.0
2024-01-29,TUB,IFO380,471.33
2024-02-05,TUB,IFO380,517.22
2024-02-12,TUB,IFO380,498.39
2024-02-19,TUB,IFO380,508.55
2024-02-26,TUB,IFO380,502.26
2024-03-04,TUB,IFO380,502.69
2024-03-11,TUB,IFO380,465.05
2024-03-18,TUB,IFO380,470.44
2024-03-25,TUB,IFO380,469.39
2024-04-01,TUB,IFO380,456.98
2024-04-08,TUB,IFO380,471.96
2024-04-15,TUB,IFO380,496.5
2024-04-22,TUB,IFO380,491.78
2024-04-29,TUB,IFO380,489.98
2024-05-06,TUB,IFO380,501.18
2024-05-13,TUB,IFO380,491.64
2024-05-20,TUB,IFO380,523.42
2024-05-27,TUB,IFO380,527.62
2024-06-03,TUB,IFO380,543.49
2024-06-10,TUB,IFO380,540.13
2024-06-17,TUB,IFO380,519.26
2024-06-24,TUB,IFO380,497.19
2024-07-01,TUB,IFO380,495.84
2024-07-08,TUB,IFO380,473.3
2024-07-15,TUB,IFO380,489.42
2024-07-22,TUB,IFO380,528.85
2024-07-29,TUB,IFO380,521.12
2024-08-05,TUB,IFO380,521.61
2024-08-12,TUB,IFO380,512.39
2024-08-19,TUB,IFO380,508.49
2024-08-26,TUB,IFO380,501.7
2024-09-02,TUB,IFO380,543.99
2024-09-09,TUB,IFO380,525.91
2024-09-16,TUB,IFO380,509.73
2024-09-23,TUB,IFO380,512.79
2024-09-30,TUB,IFO380,535.77
2024-10-07,TUB,IFO380,521.93
2024-10-14,TUB,IFO380,521.02
2024-10-21,TUB,IFO380,520.7
2024-10-28,TUB,IFO380,536.84
2024-11-04,TUB,IFO380,525.61
2024-11-11,TUB,IFO380,534.81
2024-11-18,TUB,IFO380,494.47
2024-11-25,TUB,IFO380,476.19
2024-12-02,TUB,IFO380,488.04
2024-12-09,TUB,IFO380,486.14
2024-12-16,TUB,IFO380,466.08
2024-12-23,TUB,IFO380,476.0
2024-12-30,TUB,IFO380,498.44
2023-01-02,TUB,MGO,782.14
2023-01-09,TUB,MGO,795.46
2023-01-16,TUB,MGO,795.78
2023-01-23,TUB,MGO,777.3
2023-01-30,TUB,MGO,745.32
2023-02-06,TUB,MGO,695.35
2023-02-13,TUB,MGO,687.96
2023-02-20,TUB,MGO,702.05
2023-02-27,TUB,MGO,728.68
2023-03-06,TUB,MGO,727.42
2023-03-13,TUB,MGO,753.83
2023-03-20,TUB,MGO,774.96
2023-03-27,TUB,MGO,771.38
2023-04-03,TUB,MGO,780.49
2023-04-10,TUB,MGO,761.55
2023-04-17,TUB,MGO,768.62
2023-04-24,TUB,MGO,766.97
2023-05-01,TUB,MGO,757.08
2023-05-08,TUB,MGO,746.54
2023-05-15,TUB,MGO,744.35
2023-05-22,TUB,MGO,782.68
2023-05-29,TUB,MGO,805.97
2023-06-05,TUB,MGO,785.97
2023-06-12,TUB,MGO,767.19
2023-06-19,TUB,MGO,790.32
2023-06-26,TUB,MGO,772.46
2023-07-03,TUB,MGO,765.63
2023-07-10,TUB,MGO,762.54
2023-07-17,TUB,MGO,746.77
2023-07-24,TUB,MGO,747.71
2023-07-31,TUB,MGO,685.17
2023-08-07,TUB,MGO,723.89
2023-08-14,TUB,MGO,721.87
2023-08-21,TUB,MGO,703.52
2023-08-28,TUB,MGO,764.09
2023-09-04,TUB,MGO,728.8
2023-09-11,TUB,MGO,705.75
2023-09-18,TUB,MGO,671.23
2023-09-25,TUB,MGO,686.34
2023-10-02,TUB,MGO,685.7
2023-10-09,TUB,MGO,701.53
2023-10-16,TUB,MGO,687.42
2023-10-23,TUB,MGO,695.62
2023-10-30,TUB,MGO,704.42
2023-11-06,TUB,MGO,674.33
2023-11-13,TUB,MGO,666.02
2023-11-20,TUB,MGO,658.89
2023-11-27,TUB,MGO,693.87
2023-12-04,TUB,MGO,713.06
2023-12-11,TUB,MGO,731.71
2023-12-18,TUB,MGO,727.6
2023-12-25,TUB,MGO,742.49
2024-01-01,TUB,MGO,755.33
2024-01-08,TUB,MGO,743.67
2024-01-15,TUB,MGO,741.27
2024-01-22,TUB,MGO,745.49
2024-01-29,TUB,MGO,755.07
2024-02-05,TUB,MGO,753.85
2024-02-12,TUB,MGO,748.97
2024-02-19,TUB,MGO,757.06
2024-02-26,TUB,MGO,766.3
2024-03-04,TUB,MGO,812.7
2024-03-11,TUB,MGO,803.21
2024-03-18,TUB,MGO,775.07
2024-03-25,TUB,MGO,771.29
2024-04-01,TUB,MGO,749.13
2024-04-08,TUB,MGO,766.14
2024-04-15,TUB,MGO,753.52
2024-04-22,TUB,MGO,779.93
2024-04-29,TUB,MGO,802.78
2024-05-06,TUB,MGO,787.22
2024-05-13,TUB,MGO,789.82
2024-05-20,TUB,MGO,778.17
2024-05-27,TUB,MGO,776.44
2024-06-03,TUB,MGO,798.4
2024-06-10,TUB,MGO,856.91
2024-06-17,TUB,MGO,885.42
2024-06-24,TUB,MGO,850.72
2024-07-01,TUB,MGO,839.93
2024-07-08,TUB,MGO,814.09
2024-07-15,TUB,MGO,808.46
2024-07-22,TUB,MGO,823.59
2024-07-29,TUB,MGO,849.43
2024-08-05,TUB,MGO,847.39
2024-08-12,TUB,MGO,828.54
2024-08-19,TUB,MGO,801.21
2024-08-26,TUB,MGO,794.22
2024-09-02,TUB,MGO,815.56
2024-09-09,TUB,MGO,791.83
2024-09-16,TUB,MGO,729.7
2024-09-23,TUB,MGO,723.85
2024-09-30,TUB,MGO,751.55
2024-10-07,TUB,MGO,734.23
2024-10-14,TUB,MGO,709.11
2024-10-21,TUB,MGO,698.48
2024-10-28,TUB,MGO,711.74
2024-11-04,TUB,MGO,717.38
2024-11-11,TUB,MGO,724.16
2024-11-18,TUB,MGO,714.07
2024-11-25,TUB,MGO,718.96
2024-12-02,TUB,MGO,719.6
2024-12-09,TUB,MGO,713.13
2024-12-16,TUB,MGO,703.11
2024-12-23,TUB,MGO,715.99
2024-12-30,TUB,MGO,752.34
2023-01-02,PAR,VLSFO,617.49
2023-01-09,PAR,VLSFO,611.87
2023-01-16,PAR,VLSFO,620.83
2023-01-23,PAR,VLSFO,611.89
2023-01-30,PAR,VLSFO,595.58
2023-02-06,PAR,VLSFO,593.04
2023-02-13,PAR,VLSFO,618.66
2023-02-20,PAR,VLSFO,626.14
2023-02-27,PAR,VLSFO,637.67
2023-03-06,PAR,VLSFO,610.14
2023-03-13,PAR,VLSFO,639.88
2023-03-20,PAR,VLSFO,641.12
2023-03-27,PAR,VLSFO,635.06
2023-04-03,PAR,VLSFO,645.33
2023-04-10,PAR,VLSFO,619.68
2023-04-17,PAR,VLSFO,586.16
2023-04-24,PAR,VLSFO,572.74
2023-05-01,PAR,VLSFO,593.79
2023-05-08,PAR,VLSFO,601.79
2023-05-15,PAR,VLSFO,609.25
2023-05-22,PAR,VLSFO,597.89
2023-05-29,PAR,VLSFO,591.59
2023-06-05,PAR,VLSFO,589.16
2023-06-12,PAR,VLSFO,584.66
2023-06-19,PAR,VLSFO,587.44
2023-06-26,PAR,VLSFO,572.93
2023-07-03,PAR,VLSFO,566.97
2023-07-10,PAR,VLSFO,590.95
2023-07-17,PAR,VLSFO,604.69
2023-07-24,PAR,VLSFO,593.21
2023-07-31,PAR,VLSFO,561.73
2023-08-07,PAR,VLSFO,567.53
2023-08-14,PAR,VLSFO,549.48
2023-08-21,PAR,VLSFO,542.62
2023-08-28,PAR,VLSFO,563.42
2023-09-04,PAR,VLSFO,548.53
2023-09-11,PAR,VLSFO,528.42
2023-09-18,PAR,VLSFO,487.1
2023-09-25,PAR,VLSFO,481.8
2023-10-02,PAR,VLSFO,477.71
2023-10-09,PAR,VLSFO,502.91
2023-10-16,PAR,VLSFO,503.34
2023-10-23,PAR,VLSFO,487.77
2023-10-30,PAR,VLSFO,509.52
2023-11-06,PAR,VLSFO,492.05
2023-11-13,PAR,VLSFO,482.32
2023-11-20,PAR,VLSFO,498.44
2023-11-27,PAR,VLSFO,485.42
2023-12-04,PAR,VLSFO,472.5
2023-12-11,PAR,VLSFO,479.6
2023-12-18,PAR,VLSFO,481.35
2023-12-25,PAR,VLSFO,493.19
2024-01-01,PAR,VLSFO,491.0
2024-01-08,PAR,VLSFO,484.7
2024-01-15,PAR,VLSFO,495.39
2024-01-22,PAR,VLSFO,497.11
2024-01-29,PAR,VLSFO,481.05
2024-02-05,PAR,VLSFO,512.85
2024-02-12,PAR,VLSFO,510.04
2024-02-19,PAR,VLSFO,537.81
2024-02-26,PAR,VLSFO,556.15
2024-03-04,PAR,VLSFO,588.27
2024-03-11,PAR,VLSFO,581.51
2024-03-18,PAR,VLSFO,552.04
2024-03-25,PAR,VLSFO,563.91
2024-04-01,PAR,VLSFO,581.14
2024-04-08,PAR,VLSFO,594.84
2024-04-15,PAR,VLSFO,598.67
2024-04-22,PAR,VLSFO,589.12
2024-04-29,PAR,VLSFO,591.86
2024-05-06,PAR,VLSFO,637.23
2024-05-13,PAR,VLSFO,608.38
2024-05-20,PAR,VLSFO,577.32
2024-05-27,PAR,VLSFO,585.88
2024-06-03,PAR,VLSFO,578.08
2024-06-10,PAR,VLSFO,581.75
2024-06-17,PAR,VLSFO,587.66
2024-06-24,PAR,VLSFO,539.17
2024-07-01,PAR,VLSFO,556.95
2024-07-08,PAR,VLSFO,524.24
2024-07-15,PAR,VLSFO,512.71
2024-07-22,PAR,VLSFO,532.83
2024-07-29,PAR,VLSFO,534.64
2024-08-05,PAR,VLSFO,574.11
2024-08-12,PAR,VLSFO,567.5
2024-08-19,PAR,VLSFO,571.57
2024-08-26,PAR,VLSFO,587.43
2024-09-02,PAR,VLSFO,614.59
2024-09-09,PAR,VLSFO,607.61
2024-09-16,PAR,VLSFO,562.59
2024-09-23,PAR,VLSFO,556.34
2024-09-30,PAR,VLSFO,576.32
2024-10-07,PAR,VLSFO,563.01
2024-10-14,PAR,VLSFO,542.44
2024-10-21,PAR,VLSFO,518.6
2024-10-28,PAR,VLSFO,548.09
2024-11-04,PAR,VLSFO,548.95
2024-11-11,PAR,VLSFO,541.38
2024-11-18,PAR,VLSFO,513.47
2024-11-25,PAR,VLSFO,517.95
2024-12-02,PAR,VLSFO,532.78
2024-12-09,PAR,VLSFO,525.41
2024-12-16,PAR,VLSFO,501.94
2024-12-23,PAR,VLSFO,524.9
2024-12-30,PAR,VLSFO,550.12
2023-01-02,PAR,IFO380,477.49
2023-01-09,PAR,IFO380,500.94
2023-01-16,PAR,IFO380,516.21
2023-01-23,PAR,IFO380,516.04
2023-01-30,PAR,IFO380,504.57
2023-02-06,PAR,IFO380,496.62
2023-02-13,PAR,IFO380,514.32
2023-02-20,PAR,IFO380,512.66
2023-02-27,PAR,IFO380,516.19
2023-03-06,PAR,IFO380,489.48
2023-03-13,PAR,IFO380,510.51
2023-03-20,PAR,IFO380,524.31
2023-03-27,PAR,IFO380,497.09
2023-04-03,PAR,IFO380,506.28
2023-04-10,PAR,IFO380,508.68
2023-04-17,PAR,IFO380,505.85
2023-04-24,PAR,IFO380,503.74
2023-05-01,PAR,IFO380,487.18
2023-05-08,PAR,IFO380,507.44
2023-05-15,PAR,IFO380,507.68
2023-05-22,PAR,IFO380,508.1
2023-05-29,PAR,IFO380,521.38
2023-06-05,PAR,IFO380,521.88
2023-06-12,PAR,IFO380,505.48
2023-06-19,PAR,IFO380,521.64
2023-06-26,PAR,IFO380,491.11
2023-07-03,PAR,IFO380,502.53
2023-07-10,PAR,IFO380,494.92
2023-07-17,PAR,IFO380,469.91
2023-07-24,PAR,IFO380,472.15
2023-07-31,PAR,IFO380,449.52
2023-08-07,PAR,IFO380,457.79
2023-08-14,PAR,IFO380,470.1
2023-08-21,PAR,IFO380,441.48
2023-08-28,PAR,IFO380,457.04
2023-09-04,PAR,IFO380,447.27
2023-09-11,PAR,IFO380,446.0
2023-09-18,PAR,IFO380,428.44
2023-09-25,PAR,IFO380,434.92
2023-10-02,PAR,IFO380,427.66
2023-10-09,PAR,IFO380,451.68
2023-10-16,PAR,IFO380,448.55
2023-10-23,PAR,IFO380,452.04
2023-10-30,PAR,IFO380,462.1
2023-11-06,PAR,IFO380,457.52
2023-11-13,PAR,IFO380,442.33
2023-11-20,PAR,IFO380,462.13
2023-11-27,PAR,IFO380,471.9
2023-12-04,PAR,IFO380,481.27
2023-12-11,PAR,IFO380,484.37
2023-12-18,PAR,IFO380,478.71
2023-12-25,PAR,IFO380,484.58
2024-01-01,PAR,IFO380,472.61
2024-01-08,PAR,IFO380,470.23
2024-01-15,PAR,IFO380,464.15
2024-01-22,PAR,IFO380,455.44
2024-01-29,PAR,IFO380,435.26
2024-02-05,PAR,IFO380,441.95
2024-02-12,PAR,IFO380,450.2
2024-02-19,PAR,IFO380,450.63
2024-02-26,PAR,IFO380,460.28
2024-03-04,PAR,IFO380,461.8
2024-03-11,PAR,IFO380,440.39
2024-03-18,PAR,IFO380,447.69
2024-03-25,PAR,IFO380,454.51
2024-04-01,PAR,IFO380,461.34
2024-04-08,PAR,IFO380,467.02
2024-04-15,PAR,IFO380,482.19
2024-04-22,PAR,IFO380,484.65
2024-04-29,PAR,IFO380,491.26
2024-05-06,PAR,IFO380,503.0
2024-05-13,PAR,IFO380,492.64
2024-05-20,PAR,IFO380,491.44
2024-05-27,PAR,IFO380,502.53
2024-06-03,PAR,IFO380,515.75
2024-06-10,PAR,IFO380,514.48
2024-06-17,PAR,IFO380,515.01
2024-06-24,PAR,IFO380,499.91
2024-07-01,PAR,IFO380,484.37
2024-07-08,PAR,IFO380,457.09
2024-07-15,PAR,IFO380,453.12
2024-07-22,PAR,IFO380,481.52
2024-07-29,PAR,IFO380,486.08
2024-08-05,PAR,IFO380,484.42
2024-08-12,PAR,IFO380,474.5
2024-08-19,PAR,IFO380,482.94
2024-08-26,PAR,IFO380,473.6
2024-09-02,PAR,IFO380,493.98
2024-09-09,PAR,IFO380,486.83
2024-09-16,PAR,IFO380,453.59
2024-09-23,PAR,IFO380,461.97
2024-09-30,PAR,IFO380,458.52
2024-10-07,PAR,IFO380,441.67
2024-10-14,PAR,IFO380,423.19
2024-10-21,PAR,IFO380,397.24
2024-10-28,PAR,IFO380,387.25
2024-11-04,PAR,IFO380,391.45
2024-11-11,PAR,IFO380,400.23
2024-11-18,PAR,IFO380,397.62
2024-11-25,PAR,IFO380,395.6
2024-12-02,PAR,IFO380,402.43
2024-12-09,PAR,IFO380,393.45
2024-12-16,PAR,IFO380,387.2
2024-12-23,PAR,IFO380,407.0
2024-12-30,PAR,IFO380,440.7
2023-01-02,PAR,MGO,777.49
2023-01-09,PAR,MGO,793.86
2023-01-16,PAR,MGO,809.68
2023-01-23,PAR,MGO,845.39
2023-01-30,PAR,MGO,808.9
2023-02-06,PAR,MGO,747.84
2023-02-13,PAR,MGO,782.31
2023-02-20,PAR,MGO,798.69
2023-02-27,PAR,MGO,791.28
2023-03-06,PAR,MGO,776.24
2023-03-13,PAR,MGO,789.92
2023-03-20,PAR,MGO,813.77
2023-03-27,PAR,MGO,802.15
2023-04-03,PAR,MGO,804.19
2023-04-10,PAR,MGO,809.06
2023-04-17,PAR,MGO,791.25
2023-04-24,PAR,MGO,783.86
2023-05-01,PAR,MGO,792.07
2023-05-08,PAR,MGO,808.64
2023-05-15,PAR,MGO,829.33
2023-05-22,PAR,MGO,812.96
2023-05-29,PAR,MGO,838.77
2023-06-05,PAR,MGO,815.03
2023-06-12,PAR,MGO,791.32
2023-06-19,PAR,MGO,806.45
2023-06-26,PAR,MGO,767.31
2023-07-03,PAR,MGO,783.49
2023-07-10,PAR,MGO,812.22
2023-07-17,PAR,MGO,819.43
2023-07-24,PAR,MGO,805.15
2023-07-31,PAR,MGO,753.98
2023-08-07,PAR,MGO,766.54
2023-08-14,PAR,MGO,775.1
2023-08-21,PAR,MGO,763.35
2023-08-28,PAR,MGO,804.79
2023-09-04,PAR,MGO,779.72
2023-09-11,PAR,MGO,761.46
2023-09-18,PAR,MGO,709.9
2023-09-25,PAR,MGO,696.31
2023-10-02,PAR,MGO,697.69
2023-10-09,PAR,MGO,679.84
2023-10-16,PAR,MGO,714.44
2023-10-23,PAR,MGO,717.65
2023-10-30,PAR,MGO,742.93
2023-11-06,PAR,MGO,729.26
2023-11-13,PAR,MGO,728.28
2023-11-20,PAR,MGO,745.91
2023-11-27,PAR,MGO,758.71
2023-12-04,PAR,MGO,771.71
2023-12-11,PAR,MGO,793.44
2023-12-18,PAR,MGO,759.38
2023-12-25,PAR,MGO,731.45
2024-01-01,PAR,MGO,722.17
2024-01-08,PAR,MGO,688.66
2024-01-15,PAR,MGO,676.76
2024-01-22,PAR,MGO,665.21
2024-01-29,PAR,MGO,652.11
2024-02-05,PAR,MGO,671.5
2024-02-12,PAR,MGO,672.42
2024-02-19,PAR,MGO,681.14
2024-02-26,PAR,MGO,695.03
2024-03-04,PAR,MGO,752.71
2024-03-11,PAR,MGO,712.24
2024-03-18,PAR,MGO,717.2
2024-03-25,PAR,MGO,692.9
2024-04-01,PAR,MGO,703.08
2024-04-08,PAR,MGO,728.74
2024-04-15,PAR,MGO,737.4
2024-04-22,PAR,MGO,738.42
2024-04-29,PAR,MGO,734.15
2024-05-06,PAR,MGO,772.01
2024-05-13,PAR,MGO,732.33
2024-05-20,PAR,MGO,736.81
2024-05-27,PAR,MGO,744.78
2024-06-03,PAR,MGO,697.93
2024-06-10,PAR,MGO,749.28
2024-06-17,PAR,MGO,759.25
2024-06-24,PAR,MGO,736.0
2024-07-01,PAR,MGO,762.49
2024-07-08,PAR,MGO,738.14
2024-07-15,PAR,MGO,723.08
2024-07-22,PAR,MGO,774.46
2024-07-29,PAR,MGO,773.8
2024-08-05,PAR,MGO,799.52
2024-08-12,PAR,MGO,793.92
2024-08-19,PAR,MGO,800.71
2024-08-26,PAR,MGO,817.35
2024-09-02,PAR,MGO,859.91
2024-09-09,PAR,MGO,826.2
2024-09-16,PAR,MGO,781.53
2024-09-23,PAR,MGO,786.16
2024-09-30,PAR,MGO,816.8
2024-10-07,PAR,MGO,815.3
2024-10-14,PAR,MGO,782.43
2024-10-21,PAR,MGO,748.25
2024-10-28,PAR,MGO,762.22
2024-11-04,PAR,MGO,749.84
2024-11-11,PAR,MGO,767.87
2024-11-18,PAR,MGO,735.41
2024-11-25,PAR,MGO,725.1
2024-12-02,PAR,MGO,732.21
2024-12-09,PAR,MGO,713.99
2024-12-16,PAR,MGO,653.33
2024-12-23,PAR,MGO,688.48
2024-12-30,PAR,MGO,706.32
