date,port_id,wind_speed_knots,wave_height_m,visibility_nm,condition,storm_warning
2023-01-02,PHE,15.0,1.5,9.0,Cloudy,0
2023-01-09,PHE,14.4,1.65,8.3,Cloudy,0
2023-01-16,PHE,17.5,2.3,7.5,Clear,0
2023-01-23,PHE,13.9,2.31,4.3,Rain,0
2023-01-30,PHE,7.9,2.25,3.8,Cloudy,0
2023-02-06,PHE,13.3,1.8,3.6,Clear,0
2023-02-13,PHE,17.5,1.86,2.5,Rain,0
2023-02-20,PHE,14.6,1.69,5.7,Clear,0
2023-02-27,PHE,12.0,1.4,3.3,Clear,0
2023-03-06,PHE,12.7,1.38,3.8,Clear,0
2023-03-13,PHE,15.4,1.33,6.0,Clear,0
2023-03-20,PHE,16.6,2.29,7.2,Rain,0
2023-03-27,PHE,13.9,3.18,9.0,Clear,0
2023-04-03,PHE,14.1,2.13,7.4,Cloudy,0
2023-04-10,PHE,13.2,1.86,7.6,Rain,0
2023-04-17,PHE,13.8,2.2,6.6,Clear,0
2023-04-24,PHE,14.6,2.3,6.7,Clear,0
2023-05-01,PHE,13.3,2.95,8.1,Cloudy,0
2023-05-08,PHE,14.7,2.89,9.4,Clear,0
2023-05-15,PHE,13.2,3.39,7.9,Storm,1
2023-05-22,PHE,18.1,2.7,10.0,Clear,0
2023-05-29,PHE,18.1,1.86,9.2,Cloudy,0
2023-06-05,PHE,15.2,1.96,10.0,Cloudy,0
2023-06-12,PHE,14.4,1.94,9.5,Rain,0
2023-06-19,PHE,19.9,3.28,6.3,Storm,1
2023-06-26,PHE,21.5,3.55,8.0,Storm,1
2023-07-03,PHE,26.6,2.85,8.9,Clear,0
2023-07-10,PHE,30.4,2.05,7.5,Storm,1
2023-07-17,PHE,29.0,2.46,7.4,Storm,1
2023-07-24,PHE,32.6,1.5,5.8,Storm,1
2023-07-31,PHE,39.1,1.3,9.7,Storm,1
2023-08-07,PHE,37.4,2.07,9.6,Storm,1
2023-08-14,PHE,34.4,2.51,10.0,Storm,1
2023-08-21,PHE,38.6,1.16,9.4,Storm,1
2023-08-28,PHE,37.4,1.54,6.7,Storm,1
2023-09-04,PHE,37.6,1.56,6.9,Storm,1
2023-09-11,PHE,38.3,1.54,8.2,Storm,1
2023-09-18,PHE,33.4,1.57,9.7,Storm,1
2023-09-25,PHE,33.2,2.63,7.5,Storm,1
2023-10-02,PHE,34.1,2.13,9.0,Storm,1
2023-10-09,PHE,29.7,2.21,9.5,Storm,1
2023-10-16,PHE,31.9,2.24,10.0,Storm,1
2023-10-23,PHE,24.3,1.71,10.0,Clear,0
2023-10-30,PHE,29.6,2.37,10.0,Storm,1
2023-11-06,PHE,22.5,1.93,10.0,Cloudy,0
2023-11-13,PHE,24.6,2.18,10.0,Clear,0
2023-11-20,PHE,17.9,1.42,10.0,Clear,0
2023-11-27,PHE,15.3,0.89,9.0,Rain,0
2023-12-04,PHE,17.3,0.32,9.9,Cloudy,0
2023-12-11,PHE,22.1,0.1,9.2,Rain,0
2023-12-18,PHE,35.1,0.76,8.2,Storm,1
2023-12-25,PHE,20.8,1.66,10.0,Clear,0
2024-01-01,PHE,19.6,1.9,8.5,Clear,0
2024-01-08,PHE,22.8,2.06,10.0,Rain,0
2024-01-15,PHE,19.7,3.12,9.6,Cloudy,0
2024-01-22,PHE,20.7,3.38,10.0,Storm,1
2024-01-29,PHE,21.4,3.4,10.0,Storm,1
2024-02-05,PHE,21.4,3.6,10.0,Storm,1
2024-02-12,PHE,16.9,2.72,9.6,Clear,0
2024-02-19,PHE,16.0,2.22,10.0,Clear,0
2024-02-26,PHE,14.0,2.13,10.0,Cloudy,0
2024-03-04,PHE,11.6,2.19,6.4,Cloudy,0
2024-03-11,PHE,19.1,2.22,7.6,Clear,0
2024-03-18,PHE,24.8,2.38,8.9,Clear,0
2024-03-25,PHE,20.4,1.92,8.5,Cloudy,0
2024-04-01,PHE,16.9,3.0,7.4,Clear,0
2024-04-08,PHE,13.3,3.65,9.1,Storm,1
2024-04-15,PHE,12.9,3.44,7.6,Storm,1
2024-04-22,PHE,16.6,2.24,5.6,Clear,0
2024-04-29,PHE,19.9,2.36,7.0,Cloudy,0
2024-05-06,PHE,26.1,2.58,9.0,Clear,0
2024-05-13,PHE,27.5,3.03,7.9,Rain,0
2024-05-20,PHE,33.0,3.07,8.5,Storm,1
2024-05-27,PHE,31.5,2.44,10.0,Storm,1
2024-06-03,PHE,27.3,3.33,10.0,Storm,1
2024-06-10,PHE,29.5,2.68,10.0,Storm,1
2024-06-17,PHE,26.0,3.51,10.0,Storm,1
2024-06-24,PHE,25.3,3.82,10.0,Storm,1
2024-07-01,PHE,23.8,3.97,10.0,Storm,1
2024-07-08,PHE,19.8,4.47,10.0,Storm,1
2024-07-15,PHE,13.2,3.77,5.4,Storm,1
2024-07-22,PHE,8.5,3.14,8.2,Cloudy,0
2024-07-29,PHE,10.8,2.22,10.0,Rain,0
2024-08-05,PHE,6.7,1.48,9.2,Clear,0
2024-08-12,PHE,7.3,1.26,10.0,Clear,0
2024-08-19,PHE,6.3,0.99,10.0,Clear,0
2024-08-26,PHE,5.6,1.51,7.9,Cloudy,0
2024-09-02,PHE,14.5,1.44,6.1,Rain,0
2024-09-09,PHE,15.9,1.68,5.0,Clear,0
2024-09-16,PHE,17.6,1.27,6.8,Clear,0
2024-09-23,PHE,20.1,0.36,8.3,Rain,0
2024-09-30,PHE,23.6,0.62,8.8,Clear,0
2024-10-07,PHE,20.9,0.54,8.3,Clear,0
2024-10-14,PHE,18.5,1.18,8.0,Clear,0
2024-10-21,PHE,18.0,1.18,8.1,Cloudy,0
2024-10-28,PHE,18.2,1.46,8.3,Rain,0
2024-11-04,PHE,22.3,1.91,6.2,Clear,0
2024-11-11,PHE,20.0,1.43,6.3,Clear,0
2024-11-18,PHE,19.4,2.16,5.9,Cloudy,0
2024-11-25,PHE,21.2,1.46,4.4,Rain,0
2024-12-02,PHE,17.4,1.49,4.6,Clear,0
2024-12-09,PHE,19.0,1.9,4.3,Clear,0
2024-12-16,PHE,19.6,1.59,5.7,Clear,0
2024-12-23,PHE,19.7,1.11,4.7,Clear,0
2024-12-30,PHE,27.0,0.46,5.9,Clear,0
2023-01-02,NEW,15.0,1.5,9.0,Clear,0
2023-01-09,NEW,13.1,1.71,9.7,Clear,0
2023-01-16,NEW,9.1,1.11,10.0,Rain,0
2023-01-23,NEW,7.8,1.32,10.0,Clear,0
2023-01-30,NEW,9.4,0.97,9.9,Clear,0
2023-02-06,NEW,9.4,0.68,7.8,Clear,0
2023-02-13,NEW,8.0,0.1,7.2,Clear,0
2023-02-20,NEW,7.5,1.19,7.6,Clear,0
2023-02-27,NEW,6.8,1.99,6.0,Clear,0
2023-03-06,NEW,8.5,1.71,4.8,Cloudy,0
2023-03-13,NEW,14.9,1.48,4.9,Clear,0
2023-03-20,NEW,19.8,1.58,6.7,Rain,0
2023-03-27,NEW,23.3,0.81,9.1,Clear,0
2023-04-03,NEW,23.3,1.76,10.0,Clear,0
2023-04-10,NEW,25.9,1.25,10.0,Clear,0
2023-04-17,NEW,24.1,1.0,10.0,Clear,0
2023-04-24,NEW,17.9,0.5,10.0,Clear,0
2023-05-01,NEW,17.4,0.97,10.0,Cloudy,0
2023-05-08,NEW,15.5,0.94,10.0,Clear,0
2023-05-15,NEW,6.8,0.23,10.0,Clear,0
2023-05-22,NEW,6.8,0.1,10.0,Cloudy,0
2023-05-29,NEW,6.2,0.1,10.0,Rain,0
2023-06-05,NEW,4.3,0.61,9.1,Cloudy,0
2023-06-12,NEW,7.9,0.59,6.7,Clear,0
2023-06-19,NEW,10.8,0.58,5.5,Cloudy,0
2023-06-26,NEW,12.4,1.19,5.7,Cloudy,0
2023-07-03,NEW,17.9,0.89,8.9,Clear,0
2023-07-10,NEW,18.9,1.16,7.2,Clear,0
2023-07-17,NEW,17.3,0.77,9.4,Cloudy,0
2023-07-24,NEW,23.4,0.81,10.0,Clear,0
2023-07-31,NEW,24.8,1.61,10.0,Clear,0
2023-08-07,NEW,20.8,1.34,10.0,Rain,0
2023-08-14,NEW,19.3,1.07,10.0,Clear,0
2023-08-21,NEW,17.6,1.19,10.0,Cloudy,0
2023-08-28,NEW,13.1,0.77,10.0,Cloudy,0
2023-09-04,NEW,16.2,1.03,10.0,Cloudy,0
2023-09-11,NEW,10.1,1.56,9.6,Clear,0
2023-09-18,NEW,12.1,1.26,10.0,Clear,0
2023-09-25,NEW,9.5,2.06,10.0,Clear,0
2023-10-02,NEW,2.6,2.34,10.0,Clear,0
2023-10-09,NEW,2.6,2.24,10.0,Cloudy,0
2023-10-16,NEW,2.0,2.2,10.0,Clear,0
2023-10-23,NEW,2.0,2.38,10.0,Rain,0
2023-10-30,NEW,6.6,1.73,10.0,Cloudy,0
2023-11-06,NEW,8.8,0.97,8.6,Clear,0
2023-11-13,NEW,15.9,1.67,8.4,Cloudy,0
2023-11-20,NEW,18.9,1.2,9.3,Clear,0
2023-11-27,NEW,20.8,2.25,6.5,Rain,0
2023-12-04,NEW,21.7,2.65,8.7,Clear,0
2023-12-11,NEW,16.7,2.33,8.0,Clear,0
2023-12-18,NEW,16.2,2.54,9.0,Rain,0
2023-12-25,NEW,22.1,2.31,9.9,Cloudy,0
2024-01-01,NEW,23.1,2.14,9.6,Cloudy,0
2024-01-08,NEW,23.4,2.82,10.0,Rain,0
2024-01-15,NEW,20.7,2.44,9.7,Clear,0
2024-01-22,NEW,22.2,2.57,9.3,Rain,0
2024-01-29,NEW,13.7,1.78,8.1,Clear,0
2024-02-05,NEW,14.6,1.42,6.8,Clear,0
2024-02-12,NEW,13.9,0.74,9.8,Clear,0
2024-02-19,NEW,16.9,0.35,10.0,Clear,0
2024-02-26,NEW,13.9,0.16,10.0,Clear,0
2024-03-04,NEW,15.1,0.1,10.0,Cloudy,0
2024-03-11,NEW,17.5,0.1,9.2,Clear,0
2024-03-18,NEW,12.0,0.1,9.4,Rain,0
2024-03-25,NEW,22.9,0.61,8.0,Rain,0
2024-04-01,NEW,27.0,0.1,6.3,Clear,0
2024-04-08,NEW,23.9,0.56,6.2,Clear,0
2024-04-15,NEW,20.0,1.14,7.9,Cloudy,0
2024-04-22,NEW,16.4,0.66,9.6,Cloudy,0
2024-04-29,NEW,14.7,0.8,8.6,Cloudy,0
2024-05-06,NEW,22.2,1.38,9.8,Clear,0
2024-05-13,NEW,16.2,1.31,8.3,Cloudy,0
2024-05-20,NEW,17.2,0.99,10.0,Cloudy,0
2024-05-27,NEW,25.2,0.76,10.0,Rain,0
2024-06-03,NEW,18.3,0.1,9.9,Clear,0
2024-06-10,NEW,17.9,0.28,8.2,Clear,0
2024-06-17,NEW,26.5,1.16,7.5,Clear,0
2024-06-24,NEW,24.5,1.38,9.4,Cloudy,0
2024-07-01,NEW,28.5,0.1,8.6,Storm,1
2024-07-08,NEW,23.1,0.1,8.8,Rain,0
2024-07-15,NEW,20.1,0.44,9.2,Clear,0
2024-07-22,NEW,19.1,0.99,10.0,Clear,0
2024-07-29,NEW,15.2,0.98,9.7,Clear,0
2024-08-05,NEW,16.3,1.29,9.9,Cloudy,0
2024-08-12,NEW,15.1,1.1,9.6,Cloudy,0
2024-08-19,NEW,15.3,0.1,9.9,Clear,0
2024-08-26,NEW,23.4,0.14,10.0,Clear,0
2024-09-02,NEW,23.6,0.1,10.0,Cloudy,0
2024-09-09,NEW,20.8,0.13,10.0,Rain,0
2024-09-16,NEW,19.0,0.1,10.0,Clear,0
2024-09-23,NEW,13.7,0.95,10.0,Cloudy,0
2024-09-30,NEW,15.0,1.44,9.8,Clear,0
2024-10-07,NEW,8.4,0.53,10.0,Cloudy,0
2024-10-14,NEW,12.0,0.1,10.0,Rain,0
2024-10-21,NEW,10.7,0.54,10.0,Clear,0
2024-10-28,NEW,8.1,0.82,10.0,Clear,0
2024-11-04,NEW,3.8,1.56,10.0,Rain,0
2024-11-11,NEW,2.0,2.01,10.0,Clear,0
2024-11-18,NEW,7.8,2.23,10.0,Cloudy,0
2024-11-25,NEW,5.0,2.11,10.0,Rain,0
2024-12-02,NEW,8.4,2.58,10.0,Cloudy,0
2024-12-09,NEW,7.1,1.58,10.0,Clear,0
2024-12-16,NEW,11.8,2.46,10.0,Cloudy,0
2024-12-23,NEW,5.0,1.58,10.0,Clear,0
2024-12-30,NEW,7.9,1.58,8.4,Clear,0
2023-01-02,DBB,15.0,1.5,9.0,Clear,0
2023-01-09,DBB,18.8,2.24,7.9,Rain,0
2023-01-16,DBB,25.0,2.66,9.1,Rain,0
2023-01-23,DBB,22.7,3.24,8.3,Storm,1
2023-01-30,DBB,21.4,2.87,6.3,Clear,0
2023-02-06,DBB,23.6,1.98,6.1,Cloudy,0
2023-02-13,DBB,27.7,1.95,7.3,Clear,0
2023-02-20,DBB,23.9,1.95,8.2,Clear,0
2023-02-27,DBB,21.4,2.03,7.8,Cloudy,0
2023-03-06,DBB,26.7,2.28,5.9,Rain,0
2023-03-13,DBB,21.5,2.71,4.7,Clear,0
2023-03-20,DBB,24.0,2.34,5.0,Rain,0
2023-03-27,DBB,24.5,1.76,5.5,Clear,0
2023-04-03,DBB,24.0,1.64,5.3,Clear,0
2023-04-10,DBB,17.2,0.54,4.6,Clear,0
2023-04-17,DBB,21.4,0.7,5.5,Cloudy,0
2023-04-24,DBB,24.4,1.36,3.9,Clear,0
2023-05-01,DBB,24.0,1.72,5.7,Clear,0
2023-05-08,DBB,18.4,2.25,3.5,Rain,0
2023-05-15,DBB,16.6,1.87,4.8,Rain,0
2023-05-22,DBB,17.0,2.49,5.9,Clear,0
2023-05-29,DBB,14.1,2.82,5.5,Rain,0
2023-06-05,DBB,16.0,2.83,3.1,Cloudy,0
2023-06-12,DBB,21.6,2.39,5.9,Clear,0
2023-06-19,DBB,20.6,1.25,9.4,Clear,0
2023-06-26,DBB,22.1,1.04,8.7,Clear,0
2023-07-03,DBB,17.9,0.85,8.4,Cloudy,0
2023-07-10,DBB,20.1,0.43,8.6,Rain,0
2023-07-17,DBB,19.1,1.13,8.5,Rain,0
2023-07-24,DBB,16.3,1.05,8.4,Rain,0
2023-07-31,DBB,19.7,1.51,9.4,Cloudy,0
2023-08-07,DBB,16.2,1.66,7.3,Cloudy,0
2023-08-14,DBB,13.8,1.53,8.6,Cloudy,0
2023-08-21,DBB,16.9,2.11,10.0,Clear,0
2023-08-28,DBB,22.1,3.42,10.0,Storm,1
2023-09-04,DBB,16.6,2.77,9.4,Cloudy,0
2023-09-11,DBB,13.4,3.62,10.0,Storm,1
2023-09-18,DBB,10.9,3.53,10.0,Storm,1
2023-09-25,DBB,19.6,3.6,10.0,Storm,1
2023-10-02,DBB,17.9,2.67,10.0,Clear,0
2023-10-09,DBB,13.7,2.11,9.7,Clear,0
2023-10-16,DBB,18.4,1.98,8.5,Clear,0
2023-10-23,DBB,17.6,2.83,8.9,Clear,0
2023-10-30,DBB,15.5,3.18,8.9,Clear,0
2023-11-06,DBB,15.5,3.12,9.6,Clear,0
2023-11-13,DBB,19.1,2.43,9.9,Clear,0
2023-11-20,DBB,22.3,1.25,10.0,Clear,0
2023-11-27,DBB,23.7,0.94,9.0,Clear,0
2023-12-04,DBB,26.4,1.27,9.9,Cloudy,0
2023-12-11,DBB,18.8,1.67,10.0,Cloudy,0
2023-12-18,DBB,15.4,1.54,10.0,Clear,0
2023-12-25,DBB,10.7,1.6,10.0,Rain,0
2024-01-01,DBB,7.4,2.87,9.4,Cloudy,0
2024-01-08,DBB,7.2,2.17,9.4,Clear,0
2024-01-15,DBB,9.0,2.62,8.7,Cloudy,0
2024-01-22,DBB,10.8,1.48,9.0,Rain,0
2024-01-29,DBB,14.3,1.84,9.9,Cloudy,0
2024-02-05,DBB,11.7,2.4,9.3,Clear,0
2024-02-12,DBB,14.4,2.02,8.8,Clear,0
2024-02-19,DBB,14.1,2.16,7.9,Clear,0
2024-02-26,DBB,11.7,1.47,6.2,Cloudy,0
2024-03-04,DBB,5.3,1.63,7.2,Clear,0
2024-03-11,DBB,9.0,1.74,5.5,Clear,0
2024-03-18,DBB,2.8,1.18,5.0,Clear,0
2024-03-25,DBB,10.4,1.02,4.9,Rain,0
2024-04-01,DBB,17.8,1.14,6.0,Rain,0
2024-04-08,DBB,25.4,1.52,7.1,Cloudy,0
2024-04-15,DBB,22.8,1.51,7.2,Clear,0
2024-04-22,DBB,22.9,2.31,7.2,Cloudy,0
2024-04-29,DBB,22.3,2.37,9.3,Cloudy,0
2024-05-06,DBB,32.3,2.46,7.7,Storm,1
2024-05-13,DBB,29.1,2.02,8.0,Storm,1
2024-05-20,DBB,28.4,2.12,10.0,Storm,1
2024-05-27,DBB,21.9,3.01,9.9,Cloudy,0
2024-06-03,DBB,23.6,2.52,10.0,Clear,0
2024-06-10,DBB,21.7,1.21,10.0,Clear,0
2024-06-17,DBB,26.5,0.99,10.0,Clear,0
2024-06-24,DBB,19.0,0.69,10.0,Clear,0
2024-07-01,DBB,19.3,0.1,10.0,Cloudy,0
2024-07-08,DBB,18.0,0.85,8.5,Cloudy,0
2024-07-15,DBB,19.6,0.43,10.0,Clear,0
2024-07-22,DBB,16.8,0.9,9.3,Clear,0
2024-07-29,DBB,14.6,1.18,8.2,Clear,0
2024-08-05,DBB,15.1,1.45,9.0,Cloudy,0
2024-08-12,DBB,11.5,0.75,10.0,Rain,0
2024-08-19,DBB,9.7,1.57,9.6,Clear,0
2024-08-26,DBB,12.8,2.1,10.0,Rain,0
2024-09-02,DBB,3.9,2.76,9.7,Cloudy,0
2024-09-09,DBB,6.7,3.1,7.9,Cloudy,0
2024-09-16,DBB,7.6,1.9,6.3,Clear,0
2024-09-23,DBB,11.5,2.73,5.6,Clear,0
2024-09-30,DBB,9.9,2.5,5.5,Clear,0
2024-10-07,DBB,9.9,2.68,5.7,Clear,0
2024-10-14,DBB,9.2,1.96,4.6,Cloudy,0
2024-10-21,DBB,10.6,1.67,6.2,Rain,0
2024-10-28,DBB,8.9,2.19,6.0,Clear,0
2024-11-04,DBB,8.2,2.44,5.9,Cloudy,0
2024-11-11,DBB,12.4,3.77,6.2,Storm,1
2024-11-18,DBB,19.7,4.19,5.3,Storm,1
2024-11-25,DBB,24.3,4.46,5.0,Storm,1
2024-12-02,DBB,24.2,3.99,6.4,Storm,1
2024-12-09,DBB,24.7,3.1,6.1,Clear,0
2024-12-16,DBB,21.1,2.2,7.7,Cloudy,0
2024-12-23,DBB,23.3,2.33,9.8,Clear,0
2024-12-30,DBB,15.5,2.58,10.0,Clear,0
2023-01-02,RIB,15.0,1.5,9.0,Clear,0
2023-01-09,RIB,10.1,0.99,9.2,Clear,0
2023-01-16,RIB,6.4,0.81,7.8,Cloudy,0
2023-01-23,RIB,11.2,1.03,7.8,Clear,0
2023-01-30,RIB,9.2,1.47,6.8,Cloudy,0
2023-02-06,RIB,15.4,0.4,6.8,Clear,0
2023-02-13,RIB,13.0,0.1,5.9,Cloudy,0
2023-02-20,RIB,11.2,0.43,5.5,Clear,0
2023-02-27,RIB,3.9,0.39,6.6,Clear,0
2023-03-06,RIB,6.3,0.47,7.4,Rain,0
2023-03-13,RIB,8.5,1.21,8.0,Clear,0
2023-03-20,RIB,14.0,1.65,9.1,Clear,0
2023-03-27,RIB,11.6,2.47,10.0,Clear,0
2023-04-03,RIB,8.3,2.19,10.0,Clear,0
2023-04-10,RIB,6.4,1.7,9.7,Clear,0
2023-04-17,RIB,8.7,0.74,10.0,Cloudy,0
2023-04-24,RIB,9.6,0.1,8.8,Rain,0
2023-05-01,RIB,16.4,0.1,6.2,Clear,0
2023-05-08,RIB,14.6,0.51,7.0,Clear,0
2023-05-15,RIB,11.8,0.63,8.6,Rain,0
2023-05-22,RIB,9.0,0.71,10.0,Clear,0
2023-05-29,RIB,6.7,0.85,10.0,Cloudy,0
2023-06-05,RIB,9.8,1.09,10.0,Clear,0
2023-06-12,RIB,9.6,1.15,10.0,Rain,0
2023-06-19,RIB,8.5,0.77,7.1,Clear,0
2023-06-26,RIB,8.5,1.56,9.0,Clear,0
2023-07-03,RIB,2.0,2.34,9.1,Clear,0
2023-07-10,RIB,2.0,1.23,10.0,Clear,0
2023-07-17,RIB,3.7,0.92,9.6,Clear,0
2023-07-24,RIB,2.0,0.88,10.0,Clear,0
2023-07-31,RIB,2.0,1.69,10.0,Rain,0
2023-08-07,RIB,3.0,2.13,10.0,Rain,0
2023-08-14,RIB,9.1,1.22,10.0,Clear,0
2023-08-21,RIB,6.7,0.4,10.0,Clear,0
2023-08-28,RIB,10.0,0.71,10.0,Clear,0
2023-09-04,RIB,13.6,0.6,9.3,Clear,0
2023-09-11,RIB,14.4,0.16,9.5,Cloudy,0
2023-09-18,RIB,16.0,0.83,8.8,Clear,0
2023-09-25,RIB,8.7,1.24,9.0,Clear,0
2023-10-02,RIB,9.3,1.43,7.3,Cloudy,0
2023-10-09,RIB,7.7,1.89,7.0,Cloudy,0
2023-10-16,RIB,10.9,2.62,8.4,Clear,0
2023-10-23,RIB,5.3,2.32,10.0,Clear,0
2023-10-30,RIB,7.3,2.44,10.0,Cloudy,0
2023-11-06,RIB,6.9,2.62,10.0,Clear,0
2023-11-13,RIB,2.0,2.27,9.0,Clear,0
2023-11-20,RIB,3.2,1.87,10.0,Rain,0
2023-11-27,RIB,2.0,2.29,8.7,Cloudy,0
2023-12-04,RIB,4.6,2.27,8.6,Clear,0
2023-12-11,RIB,3.5,1.95,10.0,Clear,0
2023-12-18,RIB,2.2,1.72,8.2,Cloudy,0
2023-12-25,RIB,3.4,2.13,6.4,Clear,0
2024-01-01,RIB,10.0,2.26,8.4,Clear,0
2024-01-08,RIB,15.1,0.87,7.0,Clear,0
2024-01-15,RIB,18.3,0.65,6.4,Cloudy,0
2024-01-22,RIB,15.6,1.92,10.0,Clear,0
2024-01-29,RIB,20.9,1.32,10.0,Clear,0
2024-02-05,RIB,23.3,1.51,8.8,Cloudy,0
2024-02-12,RIB,18.5,0.76,7.3,Clear,0
2024-02-19,RIB,16.6,1.05,8.8,Clear,0
2024-02-26,RIB,18.1,1.3,7.1,Rain,0
2024-03-04,RIB,21.4,1.86,7.1,Clear,0
2024-03-11,RIB,22.8,1.1,6.2,Clear,0
2024-03-18,RIB,18.5,1.54,7.1,Cloudy,0
2024-03-25,RIB,8.7,1.35,7.7,Clear,0
2024-04-01,RIB,12.1,0.84,8.9,Cloudy,0
2024-04-08,RIB,17.1,0.64,7.2,Cloudy,0
2024-04-15,RIB,13.9,0.56,9.2,Cloudy,0
2024-04-22,RIB,18.8,0.1,10.0,Clear,0
2024-04-29,RIB,17.9,0.1,10.0,Clear,0
2024-05-06,RIB,20.6,0.48,10.0,Clear,0
2024-05-13,RIB,20.9,0.89,10.0,Clear,0
2024-05-20,RIB,24.9,0.61,10.0,Clear,0
2024-05-27,RIB,23.1,0.63,9.5,Cloudy,0
2024-06-03,RIB,12.9,1.02,10.0,Clear,0
2024-06-10,RIB,14.8,2.24,9.6,Clear,0
2024-06-17,RIB,11.0,2.54,10.0,Clear,0
2024-06-24,RIB,11.2,2.99,10.0,Clear,0
2024-07-01,RIB,9.8,1.75,10.0,Clear,0
2024-07-08,RIB,7.3,1.87,10.0,Rain,0
2024-07-15,RIB,10.9,1.43,7.9,Clear,0
2024-07-22,RIB,9.2,1.58,7.7,Clear,0
2024-07-29,RIB,14.3,2.69,9.5,Clear,0
2024-08-05,RIB,9.8,1.83,8.4,Cloudy,0
2024-08-12,RIB,11.5,2.49,9.8,Clear,0
2024-08-19,RIB,16.3,2.48,9.2,Clear,0
2024-08-26,RIB,15.2,1.53,7.7,Clear,0
2024-09-02,RIB,7.5,2.45,6.9,Cloudy,0
2024-09-09,RIB,11.7,2.22,8.4,Cloudy,0
2024-09-16,RIB,9.0,2.01,8.9,Clear,0
2024-09-23,RIB,9.5,1.48,9.6,Clear,0
2024-09-30,RIB,12.3,0.94,8.8,Clear,0
2024-10-07,RIB,12.2,0.88,8.2,Cloudy,0
2024-10-14,RIB,14.4,0.1,8.1,Clear,0
2024-10-21,RIB,17.4,0.52,10.0,Cloudy,0
2024-10-28,RIB,13.8,0.72,9.1,Cloudy,0
2024-11-04,RIB,10.7,0.92,10.0,Rain,0
2024-11-11,RIB,13.8,1.14,7.5,Cloudy,0
2024-11-18,RIB,12.8,1.06,6.4,Clear,0
2024-11-25,RIB,9.3,1.25,5.0,Clear,0
2024-12-02,RIB,17.3,1.01,4.8,Clear,0
2024-12-09,RIB,23.6,1.64,5.2,Rain,0
2024-12-16,RIB,23.1,1.25,3.1,Cloudy,0
2024-12-23,RIB,24.4,1.31,3.7,Clear,0
2024-12-30,RIB,19.4,1.05,4.3,Clear,0
2023-01-02,QIN,15.0,1.5,9.0,Clear,0
2023-01-09,QIN,14.6,1.59,8.0,Clear,0
2023-01-16,QIN,14.3,1.48,5.7,Rain,0
2023-01-23,QIN,11.0,0.52,4.8,Clear,0
2023-01-30,QIN,12.6,0.43,4.8,Rain,0
2023-02-06,QIN,7.4,0.83,6.9,Clear,0
2023-02-13,QIN,14.4,2.06,6.5,Clear,0
2023-02-20,QIN,7.9,2.0,7.4,Rain,0
2023-02-27,QIN,5.3,1.96,7.7,Clear,0
2023-03-06,QIN,4.0,2.93,7.6,Clear,0
2023-03-13,QIN,2.0,3.17,6.7,Clear,0
2023-03-20,QIN,2.0,2.42,8.2,Clear,0
2023-03-27,QIN,2.0,2.94,10.0,Rain,0
2023-04-03,QIN,8.6,3.9,8.1,Storm,1
2023-04-10,QIN,14.7,3.47,10.0,Storm,1
2023-04-17,QIN,16.2,3.76,10.0,Storm,1
2023-04-24,QIN,19.8,2.92,10.0,Cloudy,0
2023-05-01,QIN,17.6,2.12,9.0,Clear,0
2023-05-08,QIN,16.7,2.44,7.4,Clear,0
2023-05-15,QIN,19.2,1.36,10.0,Clear,0
2023-05-22,QIN,13.8,1.08,8.7,Clear,0
2023-05-29,QIN,14.9,1.65,8.7,Rain,0
2023-06-05,QIN,16.5,2.41,10.0,Cloudy,0
2023-06-12,QIN,16.5,2.73,10.0,Cloudy,0
2023-06-19,QIN,14.0,2.47,8.1,Clear,0
2023-06-26,QIN,18.9,2.35,7.5,Clear,0
2023-07-03,QIN,21.4,2.1,9.1,Clear,0
2023-07-10,QIN,12.9,2.19,9.0,Clear,0
2023-07-17,QIN,13.6,2.13,6.0,Cloudy,0
2023-07-24,QIN,14.8,2.37,7.6,Clear,0
2023-07-31,QIN,16.1,2.44,7.7,Clear,0
2023-08-07,QIN,14.9,1.94,8.5,Rain,0
2023-08-14,QIN,10.7,1.76,9.8,Clear,0
2023-08-21,QIN,14.0,2.11,9.5,Clear,0
2023-08-28,QIN,2.9,2.82,9.3,Cloudy,0
2023-09-04,QIN,2.0,2.32,10.0,Cloudy,0
2023-09-11,QIN,5.2,2.08,10.0,Clear,0
2023-09-18,QIN,11.9,2.09,10.0,Cloudy,0
2023-09-25,QIN,7.2,2.64,10.0,Clear,0
2023-10-02,QIN,14.7,1.97,10.0,Cloudy,0
2023-10-09,QIN,9.3,2.21,6.7,Rain,0
2023-10-16,QIN,5.6,1.17,6.0,Clear,0
2023-10-23,QIN,11.0,1.14,5.4,Cloudy,0
2023-10-30,QIN,11.5,1.61,6.1,Cloudy,0
2023-11-06,QIN,13.7,1.75,4.8,Clear,0
2023-11-13,QIN,11.8,1.99,6.6,Clear,0
2023-11-20,QIN,10.1,1.37,8.2,Clear,0
2023-11-27,QIN,11.1,1.52,6.2,Cloudy,0
2023-12-04,QIN,15.1,2.27,7.4,Clear,0
2023-12-11,QIN,8.7,2.77,7.5,Clear,0
2023-12-18,QIN,6.7,3.12,8.5,Clear,0
2023-12-25,QIN,11.1,3.67,9.4,Storm,1
2024-01-01,QIN,6.0,3.5,10.0,Storm,1
2024-01-08,QIN,11.2,3.45,10.0,Storm,1
2024-01-15,QIN,15.1,2.72,10.0,Clear,0
2024-01-22,QIN,20.2,3.01,9.4,Clear,0
2024-01-29,QIN,12.0,2.47,8.3,Clear,0
2024-02-05,QIN,11.9,2.73,7.7,Cloudy,0
2024-02-12,QIN,7.3,2.06,5.3,Rain,0
2024-02-19,QIN,5.3,1.21,7.4,Clear,0
2024-02-26,QIN,2.7,0.91,5.8,Rain,0
2024-03-04,QIN,2.3,1.45,4.4,Rain,0
2024-03-11,QIN,2.0,1.7,4.9,Cloudy,0
2024-03-18,QIN,6.5,2.0,4.6,Clear,0
2024-03-25,QIN,6.3,2.77,4.3,Rain,0
2024-04-01,QIN,7.1,3.5,5.0,Storm,1
2024-04-08,QIN,12.2,2.45,2.3,Cloudy,0
2024-04-15,QIN,15.0,1.58,2.6,Clear,0
2024-04-22,QIN,18.4,1.08,4.9,Cloudy,0
2024-04-29,QIN,12.4,1.75,5.2,Clear,0
2024-05-06,QIN,17.6,1.5,5.9,Clear,0
2024-05-13,QIN,16.5,1.79,8.7,Cloudy,0
2024-05-20,QIN,14.2,1.8,9.4,Cloudy,0
2024-05-27,QIN,15.4,1.43,9.2,Cloudy,0
2024-06-03,QIN,13.9,1.13,9.0,Clear,0
2024-06-10,QIN,12.8,1.72,8.5,Cloudy,0
2024-06-17,QIN,10.7,2.65,7.4,Rain,0
2024-06-24,QIN,9.9,1.56,7.2,Clear,0
2024-07-01,QIN,12.5,1.52,5.8,Cloudy,0
2024-07-08,QIN,16.5,2.0,5.7,Cloudy,0
2024-07-15,QIN,19.0,2.77,7.3,Cloudy,0
2024-07-22,QIN,14.6,2.22,5.7,Clear,0
2024-07-29,QIN,18.1,3.05,4.9,Clear,0
2024-08-05,QIN,12.7,2.61,2.5,Cloudy,0
2024-08-12,QIN,19.5,2.36,3.8,Cloudy,0
2024-08-19,QIN,12.9,1.87,5.4,Clear,0
2024-08-26,QIN,12.4,1.38,10.0,Clear,0
2024-09-02,QIN,19.7,1.99,10.0,Rain,0
2024-09-09,QIN,25.7,2.09,9.6,Clear,0
2024-09-16,QIN,22.0,2.55,10.0,Clear,0
2024-09-23,QIN,26.9,1.87,10.0,Clear,0
2024-09-30,QIN,22.9,1.7,9.8,Clear,0
2024-10-07,QIN,20.6,1.59,10.0,Cloudy,0
2024-10-14,QIN,19.6,1.32,10.0,Clear,0
2024-10-21,QIN,14.7,1.79,10.0,Rain,0
2024-10-28,QIN,17.7,1.28,10.0,Clear,0
2024-11-04,QIN,15.6,2.02,10.0,Cloudy,0
2024-11-11,QIN,13.7,1.94,9.3,Clear,0
2024-11-18,QIN,14.5,1.87,9.0,Clear,0
2024-11-25,QIN,14.3,1.69,8.8,Clear,0
2024-12-02,QIN,12.3,1.39,6.9,Clear,0
2024-12-09,QIN,6.6,1.29,7.4,Clear,0
2024-12-16,QIN,6.9,1.35,7.3,Clear,0
2024-12-23,QIN,11.1,1.14,6.3,Clear,0
2024-12-30,QIN,8.9,2.13,4.5,Clear,0
2023-01-02,RIZ,15.0,1.5,9.0,Cloudy,0
2023-01-09,RIZ,15.9,1.42,9.0,Cloudy,0
2023-01-16,RIZ,23.7,0.41,9.9,Cloudy,0
2023-01-23,RIZ,23.2,0.59,7.7,Cloudy,0
2023-01-30,RIZ,20.7,1.17,6.8,Clear,0
2023-02-06,RIZ,27.5,1.86,5.1,Cloudy,0
2023-02-13,RIZ,21.3,2.08,3.0,Rain,0
2023-02-20,RIZ,19.9,0.96,2.5,Cloudy,0
2023-02-27,RIZ,18.7,0.84,6.0,Clear,0
2023-03-06,RIZ,10.9,1.35,7.2,Clear,0
2023-03-13,RIZ,15.3,1.09,7.9,Cloudy,0
2023-03-20,RIZ,14.5,1.7,9.1,Rain,0
2023-03-27,RIZ,10.4,1.34,8.8,Clear,0
2023-04-03,RIZ,14.4,0.75,6.4,Clear,0
2023-04-10,RIZ,10.5,0.38,9.2,Clear,0
2023-04-17,RIZ,10.6,1.24,8.1,Clear,0
2023-04-24,RIZ,10.2,1.26,10.0,Clear,0
2023-05-01,RIZ,12.9,0.7,10.0,Clear,0
2023-05-08,RIZ,15.5,1.09,10.0,Clear,0
2023-05-15,RIZ,15.5,1.54,8.4,Clear,0
2023-05-22,RIZ,16.3,1.67,7.7,Cloudy,0
2023-05-29,RIZ,18.1,1.87,7.5,Clear,0
2023-06-05,RIZ,17.0,1.79,8.1,Cloudy,0
2023-06-12,RIZ,15.7,1.93,7.5,Clear,0
2023-06-19,RIZ,19.2,2.0,8.9,Clear,0
2023-06-26,RIZ,15.5,2.16,5.9,Clear,0
2023-07-03,RIZ,14.1,1.64,7.2,Cloudy,0
2023-07-10,RIZ,14.1,1.68,9.4,Rain,0
2023-07-17,RIZ,15.6,1.5,8.5,Rain,0
2023-07-24,RIZ,19.6,0.94,8.3,Cloudy,0
2023-07-31,RIZ,22.8,0.99,6.8,Rain,0
2023-08-07,RIZ,19.2,1.87,6.8,Clear,0
2023-08-14,RIZ,18.9,1.47,8.4,Clear,0
2023-08-21,RIZ,22.9,1.97,7.2,Cloudy,0
2023-08-28,RIZ,20.4,1.9,8.4,Cloudy,0
2023-09-04,RIZ,20.5,1.25,10.0,Clear,0
2023-09-11,RIZ,17.7,0.73,10.0,Clear,0
2023-09-18,RIZ,4.7,0.7,10.0,Clear,0
2023-09-25,RIZ,10.2,0.67,10.0,Clear,0
2023-10-02,RIZ,16.7,1.92,10.0,Clear,0
2023-10-09,RIZ,17.9,2.15,10.0,Rain,0
2023-10-16,RIZ,14.8,2.02,10.0,Clear,0
2023-10-23,RIZ,13.8,1.93,10.0,Clear,0
2023-10-30,RIZ,11.8,1.96,10.0,Cloudy,0
2023-11-06,RIZ,11.6,2.19,10.0,Rain,0
2023-11-13,RIZ,4.9,2.36,10.0,Rain,0
2023-11-20,RIZ,3.0,2.72,9.2,Rain,0
2023-11-27,RIZ,6.8,2.66,10.0,Clear,0
2023-12-04,RIZ,8.9,1.62,10.0,Rain,0
2023-12-11,RIZ,9.8,1.08,10.0,Rain,0
2023-12-18,RIZ,8.4,1.01,10.0,Cloudy,0
2023-12-25,RIZ,17.7,1.57,10.0,Clear,0
2024-01-01,RIZ,14.5,1.56,10.0,Clear,0
2024-01-08,RIZ,22.7,2.43,10.0,Rain,0
2024-01-15,RIZ,25.8,1.95,10.0,Rain,0
2024-01-22,RIZ,21.0,1.69,10.0,Clear,0
2024-01-29,RIZ,17.7,1.09,10.0,Clear,0
2024-02-05,RIZ,16.4,0.57,8.9,Clear,0
2024-02-12,RIZ,17.7,0.85,10.0,Clear,0
2024-02-19,RIZ,16.2,1.25,10.0,Clear,0
2024-02-26,RIZ,16.2,1.34,10.0,Clear,0
2024-03-04,RIZ,18.3,2.09,10.0,Cloudy,0
2024-03-11,RIZ,18.5,1.76,7.2,Clear,0
2024-03-18,RIZ,17.2,1.18,5.0,Clear,0
2024-03-25,RIZ,13.1,1.07,4.3,Clear,0
2024-04-01,RIZ,12.5,1.01,4.5,Clear,0
2024-04-08,RIZ,12.9,1.92,7.8,Clear,0
2024-04-15,RIZ,9.8,2.48,7.2,Cloudy,0
2024-04-22,RIZ,12.3,1.8,8.8,Cloudy,0
2024-04-29,RIZ,12.7,0.93,10.0,Clear,0
2024-05-06,RIZ,11.5,1.41,10.0,Clear,0
2024-05-13,RIZ,13.2,1.79,10.0,Clear,0
2024-05-20,RIZ,12.6,1.93,10.0,Rain,0
2024-05-27,RIZ,13.8,1.67,10.0,Cloudy,0
2024-06-03,RIZ,12.2,1.27,10.0,Cloudy,0
2024-06-10,RIZ,11.4,0.46,10.0,Clear,0
2024-06-17,RIZ,12.3,0.57,10.0,Clear,0
2024-06-24,RIZ,12.9,0.1,10.0,Clear,0
2024-07-01,RIZ,12.9,0.1,8.5,Rain,0
2024-07-08,RIZ,14.9,0.38,9.6,Rain,0
2024-07-15,RIZ,15.2,0.1,9.0,Cloudy,0
2024-07-22,RIZ,18.8,0.34,10.0,Rain,0
2024-07-29,RIZ,15.4,0.1,10.0,Rain,0
2024-08-05,RIZ,16.2,0.75,10.0,Clear,0
2024-08-12,RIZ,17.2,0.92,10.0,Cloudy,0
2024-08-19,RIZ,15.7,1.24,10.0,Clear,0
2024-08-26,RIZ,9.8,1.25,10.0,Clear,0
2024-09-02,RIZ,19.5,1.6,10.0,Clear,0
2024-09-09,RIZ,16.2,1.3,10.0,Cloudy,0
2024-09-16,RIZ,17.8,1.46,10.0,Rain,0
2024-09-23,RIZ,17.7,2.48,10.0,Cloudy,0
2024-09-30,RIZ,14.3,2.57,8.7,Cloudy,0
2024-10-07,RIZ,6.9,1.44,7.5,Cloudy,0
2024-10-14,RIZ,8.8,0.57,9.8,Clear,0
2024-10-21,RIZ,15.2,1.63,8.7,Clear,0
2024-10-28,RIZ,12.8,1.19,9.6,Cloudy,0
2024-11-04,RIZ,9.1,1.08,9.5,Cloudy,0
2024-11-11,RIZ,4.6,1.49,8.8,Clear,0
2024-11-18,RIZ,2.0,1.24,5.0,Rain,0
2024-11-25,RIZ,2.0,1.77,4.8,Rain,0
2024-12-02,RIZ,5.7,0.5,4.0,Clear,0
2024-12-09,RIZ,8.7,0.93,3.6,Clear,0
2024-12-16,RIZ,13.6,1.8,5.2,Clear,0
2024-12-23,RIZ,9.7,1.89,3.6,Cloudy,0
2024-12-30,RIZ,6.7,2.13,4.0,Cloudy,0
2023-01-02,TIA,15.0,1.5,9.0,Rain,0
2023-01-09,TIA,15.2,1.56,9.6,Rain,0
2023-01-16,TIA,16.8,2.08,9.4,Cloudy,0
2023-01-23,TIA,15.8,1.73,8.6,Clear,0
2023-01-30,TIA,6.3,1.84,8.2,Clear,0
2023-02-06,TIA,16.5,2.41,7.4,Clear,0
2023-02-13,TIA,18.4,2.87,5.3,Clear,0
2023-02-20,TIA,24.1,2.71,7.0,Clear,0
2023-02-27,TIA,28.7,2.92,7.2,Storm,1
2023-03-06,TIA,23.2,2.0,7.9,Cloudy,0
2023-03-13,TIA,28.5,1.67,9.3,Storm,1
2023-03-20,TIA,22.7,1.34,9.6,Clear,0
2023-03-27,TIA,24.0,1.5,8.3,Clear,0
2023-04-03,TIA,27.1,1.19,8.9,Cloudy,0
2023-04-10,TIA,30.3,1.4,10.0,Storm,1
2023-04-17,TIA,25.6,0.8,10.0,Clear,0
2023-04-24,TIA,27.7,1.11,9.0,Clear,0
2023-05-01,TIA,24.3,0.89,5.9,Cloudy,0
2023-05-08,TIA,22.4,0.65,4.3,Clear,0
2023-05-15,TIA,23.6,0.87,6.7,Clear,0
2023-05-22,TIA,22.3,0.3,6.7,Clear,0
2023-05-29,TIA,19.3,1.05,8.2,Rain,0
2023-06-05,TIA,14.1,0.91,9.5,Clear,0
2023-06-12,TIA,9.7,0.85,10.0,Clear,0
2023-06-19,TIA,14.4,1.62,10.0,Cloudy,0
2023-06-26,TIA,11.5,1.18,10.0,Clear,0
2023-07-03,TIA,11.4,1.22,10.0,Cloudy,0
2023-07-10,TIA,13.3,2.28,10.0,Cloudy,0
2023-07-17,TIA,14.8,1.95,10.0,Clear,0
2023-07-24,TIA,5.0,1.76,8.1,Cloudy,0
2023-07-31,TIA,9.3,1.47,8.9,Clear,0
2023-08-07,TIA,9.8,1.29,6.4,Cloudy,0
2023-08-14,TIA,10.8,1.58,7.0,Clear,0
2023-08-21,TIA,10.5,1.87,5.5,Cloudy,0
2023-08-28,TIA,5.1,2.26,4.9,Clear,0
2023-09-04,TIA,10.0,2.22,8.2,Cloudy,0
2023-09-11,TIA,14.1,1.57,8.9,Clear,0
2023-09-18,TIA,10.7,1.45,9.5,Rain,0
2023-09-25,TIA,15.9,1.43,8.1,Clear,0
2023-10-02,TIA,13.0,1.46,9.9,Clear,0
2023-10-09,TIA,18.1,2.44,9.8,Cloudy,0
2023-10-16,TIA,20.1,1.94,10.0,Rain,0
2023-10-23,TIA,18.8,1.36,10.0,Clear,0
2023-10-30,TIA,17.0,0.92,10.0,Rain,0
2023-11-06,TIA,15.3,0.46,10.0,Clear,0
2023-11-13,TIA,11.0,1.11,8.2,Clear,0
2023-11-20,TIA,15.0,1.02,10.0,Clear,0
2023-11-27,TIA,14.2,1.81,10.0,Clear,0
2023-12-04,TIA,10.2,1.27,10.0,Cloudy,0
2023-12-11,TIA,4.1,1.13,10.0,Clear,0
2023-12-18,TIA,2.0,1.19,10.0,Clear,0
2023-12-25,TIA,2.0,1.94,8.8,Cloudy,0
2024-01-01,TIA,7.5,1.58,9.5,Clear,0
2024-01-08,TIA,5.5,2.32,8.4,Clear,0
2024-01-15,TIA,12.7,1.7,10.0,Rain,0
2024-01-22,TIA,16.4,1.62,10.0,Clear,0
2024-01-29,TIA,7.4,1.27,10.0,Rain,0
2024-02-05,TIA,9.2,1.94,10.0,Clear,0
2024-02-12,TIA,3.8,1.22,10.0,Rain,0
2024-02-19,TIA,2.9,1.52,10.0,Rain,0
2024-02-26,TIA,2.0,1.23,10.0,Clear,0
2024-03-04,TIA,3.7,1.03,10.0,Clear,0
2024-03-11,TIA,8.7,1.63,10.0,Rain,0
2024-03-18,TIA,12.1,1.94,10.0,Cloudy,0
2024-03-25,TIA,11.0,0.77,10.0,Clear,0
2024-04-01,TIA,9.9,1.34,10.0,Cloudy,0
2024-04-08,TIA,10.1,1.6,10.0,Clear,0
2024-04-15,TIA,7.9,1.34,10.0,Clear,0
2024-04-22,TIA,10.8,1.47,10.0,Rain,0
2024-04-29,TIA,10.0,1.65,10.0,Cloudy,0
2024-05-06,TIA,15.5,2.06,10.0,Cloudy,0
2024-05-13,TIA,16.8,2.28,10.0,Clear,0
2024-05-20,TIA,16.5,2.43,10.0,Clear,0
2024-05-27,TIA,14.5,2.74,10.0,Rain,0
2024-06-03,TIA,16.0,2.24,10.0,Clear,0
2024-06-10,TIA,14.1,1.66,8.7,Rain,0
2024-06-17,TIA,13.6,1.6,7.4,Cloudy,0
2024-06-24,TIA,18.7,2.56,6.7,Clear,0
2024-07-01,TIA,18.8,1.3,6.4,Clear,0
2024-07-08,TIA,25.5,1.14,6.6,Clear,0
2024-07-15,TIA,26.1,1.34,3.0,Clear,0
2024-07-22,TIA,23.6,1.45,5.2,Cloudy,0
2024-07-29,TIA,16.8,2.18,8.7,Clear,0
2024-08-05,TIA,17.6,2.04,6.6,Clear,0
2024-08-12,TIA,10.4,1.59,7.6,Clear,0
2024-08-19,TIA,7.8,1.62,4.3,Rain,0
2024-08-26,TIA,5.9,2.63,4.8,Clear,0
2024-09-02,TIA,6.5,2.72,6.5,Clear,0
2024-09-09,TIA,8.6,2.43,4.4,Clear,0
2024-09-16,TIA,14.1,2.45,4.8,Rain,0
2024-09-23,TIA,18.9,2.23,4.4,Clear,0
2024-09-30,TIA,14.4,2.38,2.1,Cloudy,0
2024-10-07,TIA,19.0,2.43,2.5,Rain,0
2024-10-14,TIA,14.0,2.25,2.1,Cloudy,0
2024-10-21,TIA,17.2,2.05,5.7,Clear,0
2024-10-28,TIA,12.2,2.57,6.5,Clear,0
2024-11-04,TIA,5.3,1.36,8.1,Clear,0
2024-11-11,TIA,6.5,1.37,8.8,Clear,0
2024-11-18,TIA,4.6,0.28,9.7,Clear,0
2024-11-25,TIA,6.6,0.31,10.0,Cloudy,0
2024-12-02,TIA,6.9,0.1,10.0,Clear,0
2024-12-09,TIA,4.6,1.1,9.3,Clear,0
2024-12-16,TIA,10.4,0.8,10.0,Clear,0
2024-12-23,TIA,15.6,0.4,10.0,Clear,0
2024-12-30,TIA,19.6,1.4,10.0,Cloudy,0
2023-01-02,NIN,15.0,1.5,9.0,Clear,0
2023-01-09,NIN,18.1,1.72,10.0,Cloudy,0
2023-01-16,NIN,16.1,1.28,10.0,Cloudy,0
2023-01-23,NIN,12.8,1.86,8.5,Cloudy,0
2023-01-30,NIN,20.9,2.12,7.9,Cloudy,0
2023-02-06,NIN,18.7,1.98,7.3,Clear,0
2023-02-13,NIN,14.6,1.52,5.4,Clear,0
2023-02-20,NIN,8.4,1.84,7.5,Cloudy,0
2023-02-27,NIN,8.6,2.07,9.8,Clear,0
2023-03-06,NIN,2.0,1.75,10.0,Clear,0
2023-03-13,NIN,9.6,1.87,10.0,Rain,0
2023-03-20,NIN,8.9,1.69,10.0,Cloudy,0
2023-03-27,NIN,8.7,1.42,10.0,Cloudy,0
2023-04-03,NIN,13.9,1.04,10.0,Clear,0
2023-04-10,NIN,14.8,1.68,10.0,Cloudy,0
2023-04-17,NIN,11.0,1.4,9.8,Clear,0
2023-04-24,NIN,7.5,1.94,10.0,Cloudy,0
2023-05-01,NIN,8.6,1.85,7.3,Cloudy,0
2023-05-08,NIN,12.3,0.12,6.0,Clear,0
2023-05-15,NIN,15.8,0.1,6.5,Cloudy,0
2023-05-22,NIN,11.3,0.4,5.8,Clear,0
2023-05-29,NIN,10.0,1.08,6.3,Rain,0
2023-06-05,NIN,14.7,0.86,6.3,Cloudy,0
2023-06-12,NIN,17.1,1.22,6.9,Rain,0
2023-06-19,NIN,19.9,1.42,7.3,Rain,0
2023-06-26,NIN,17.0,1.51,9.7,Cloudy,0
2023-07-03,NIN,16.2,2.63,10.0,Clear,0
2023-07-10,NIN,18.1,2.14,7.7,Cloudy,0
2023-07-17,NIN,14.4,2.07,6.5,Rain,0
2023-07-24,NIN,16.0,1.79,8.7,Clear,0
2023-07-31,NIN,12.4,2.1,6.1,Cloudy,0
2023-08-07,NIN,8.7,1.94,5.2,Clear,0
2023-08-14,NIN,12.0,1.06,8.9,Cloudy,0
2023-08-21,NIN,13.3,1.04,10.0,Clear,0
2023-08-28,NIN,14.3,0.89,10.0,Clear,0
2023-09-04,NIN,10.2,1.5,10.0,Rain,0
2023-09-11,NIN,6.4,1.8,10.0,Clear,0
2023-09-18,NIN,8.9,1.66,10.0,Clear,0
2023-09-25,NIN,11.1,1.33,10.0,Cloudy,0
2023-10-02,NIN,12.6,0.83,10.0,Clear,0
2023-10-09,NIN,20.0,1.46,10.0,Clear,0
2023-10-16,NIN,29.7,1.34,10.0,Storm,1
2023-10-23,NIN,23.9,1.07,10.0,Clear,0
2023-10-30,NIN,23.4,1.87,10.0,Clear,0
2023-11-06,NIN,22.4,1.25,10.0,Clear,0
2023-11-13,NIN,23.1,0.84,8.8,Clear,0
2023-11-20,NIN,15.2,1.3,7.7,Cloudy,0
2023-11-27,NIN,16.7,1.23,6.6,Clear,0
2023-12-04,NIN,24.1,0.87,9.8,Clear,0
2023-12-11,NIN,29.1,1.44,10.0,Storm,1
2023-12-18,NIN,28.9,1.26,9.6,Storm,1
2023-12-25,NIN,25.9,1.39,8.3,Cloudy,0
2024-01-01,NIN,25.2,1.85,6.0,Cloudy,0
2024-01-08,NIN,21.7,2.04,7.7,Cloudy,0
2024-01-15,NIN,28.2,1.87,6.7,Storm,1
2024-01-22,NIN,26.7,1.05,7.6,Clear,0
2024-01-29,NIN,22.6,1.35,8.1,Cloudy,0
2024-02-05,NIN,23.4,1.7,10.0,Clear,0
2024-02-12,NIN,19.4,1.81,10.0,Clear,0
2024-02-19,NIN,15.1,1.81,9.6,Cloudy,0
2024-02-26,NIN,19.9,1.56,9.2,Cloudy,0
2024-03-04,NIN,15.6,1.33,8.3,Clear,0
2024-03-11,NIN,19.0,0.87,6.3,Cloudy,0
2024-03-18,NIN,26.3,1.1,7.1,Clear,0
2024-03-25,NIN,22.4,1.23,7.8,Cloudy,0
2024-04-01,NIN,19.2,1.89,5.5,Clear,0
2024-04-08,NIN,24.9,1.25,8.5,Cloudy,0
2024-04-15,NIN,23.6,0.63,10.0,Clear,0
2024-04-22,NIN,20.4,0.74,9.6,Clear,0
2024-04-29,NIN,23.1,0.73,9.5,Clear,0
2024-05-06,NIN,21.8,0.76,10.0,Clear,0
2024-05-13,NIN,23.5,0.97,10.0,Cloudy,0
2024-05-20,NIN,17.4,1.28,10.0,Clear,0
2024-05-27,NIN,24.8,1.66,10.0,Cloudy,0
2024-06-03,NIN,19.3,1.58,10.0,Clear,0
2024-06-10,NIN,21.2,2.32,10.0,Clear,0
2024-06-17,NIN,27.0,2.39,10.0,Cloudy,0
2024-06-24,NIN,31.8,2.47,10.0,Storm,1
2024-07-01,NIN,24.9,2.79,10.0,Rain,0
2024-07-08,NIN,21.4,3.01,10.0,Cloudy,0
2024-07-15,NIN,23.8,2.69,10.0,Clear,0
2024-07-22,NIN,18.4,1.53,10.0,Clear,0
2024-07-29,NIN,16.8,0.96,8.8,Cloudy,0
2024-08-05,NIN,18.8,0.81,7.1,Clear,0
2024-08-12,NIN,23.4,1.0,6.9,Cloudy,0
2024-08-19,NIN,22.0,1.17,5.3,Clear,0
2024-08-26,NIN,19.1,1.28,5.9,Cloudy,0
2024-09-02,NIN,15.9,1.54,6.7,Clear,0
2024-09-09,NIN,17.2,1.52,8.4,Clear,0
2024-09-16,NIN,14.7,1.97,7.8,Clear,0
2024-09-23,NIN,13.4,1.63,8.3,Cloudy,0
2024-09-30,NIN,12.8,1.01,8.8,Cloudy,0
2024-10-07,NIN,9.6,1.12,8.0,Clear,0
2024-10-14,NIN,13.2,1.3,5.5,Clear,0
2024-10-21,NIN,11.3,2.47,4.0,Clear,0
2024-10-28,NIN,10.9,1.98,3.8,Clear,0
2024-11-04,NIN,15.6,2.52,8.4,Cloudy,0
2024-11-11,NIN,14.0,2.22,6.2,Clear,0
2024-11-18,NIN,15.2,2.55,5.6,Cloudy,0
2024-11-25,NIN,10.1,2.16,6.3,Clear,0
2024-12-02,NIN,5.7,1.78,5.8,Clear,0
2024-12-09,NIN,3.1,1.07,7.3,Clear,0
2024-12-16,NIN,2.1,1.44,9.6,Clear,0
2024-12-23,NIN,4.5,0.29,9.8,Clear,0
2024-12-30,NIN,10.0,0.78,8.2,Clear,0
2023-01-02,PAR,15.0,1.5,9.0,Rain,0
2023-01-09,PAR,18.4,1.19,8.7,Clear,0
2023-01-16,PAR,23.8,0.58,7.5,Cloudy,0
2023-01-23,PAR,21.6,0.43,8.4,Clear,0
2023-01-30,PAR,22.9,0.1,5.1,Clear,0
2023-02-06,PAR,13.6,0.1,6.3,Cloudy,0
2023-02-13,PAR,10.1,0.48,6.0,Cloudy,0
2023-02-20,PAR,3.6,0.72,8.3,Cloudy,0
2023-02-27,PAR,9.9,0.36,10.0,Clear,0
2023-03-06,PAR,8.2,0.1,10.0,Cloudy,0
2023-03-13,PAR,13.2,0.49,6.9,Cloudy,0
2023-03-20,PAR,19.1,0.39,6.8,Cloudy,0
2023-03-27,PAR,14.3,0.21,5.8,Rain,0
2023-04-03,PAR,16.2,0.47,7.1,Clear,0
2023-04-10,PAR,10.9,1.45,7.1,Rain,0
2023-04-17,PAR,7.1,1.47,7.1,Clear,0
2023-04-24,PAR,6.3,1.53,9.5,Clear,0
2023-05-01,PAR,4.2,1.77,8.0,Cloudy,0
2023-05-08,PAR,4.6,1.85,6.1,Rain,0
2023-05-15,PAR,2.3,2.23,7.5,Cloudy,0
2023-05-22,PAR,5.3,2.7,9.5,Cloudy,0
2023-05-29,PAR,4.5,2.16,9.3,Cloudy,0
2023-06-05,PAR,2.0,1.65,7.2,Clear,0
2023-06-12,PAR,12.9,1.65,9.1,Clear,0
2023-06-19,PAR,11.2,0.72,9.7,Cloudy,0
2023-06-26,PAR,11.4,1.31,10.0,Cloudy,0
2023-07-03,PAR,14.1,1.71,10.0,Rain,0
2023-07-10,PAR,16.5,2.04,10.0,Clear,0
2023-07-17,PAR,14.6,1.17,10.0,Rain,0
2023-07-24,PAR,14.3,1.51,10.0,Clear,0
2023-07-31,PAR,8.3,1.66,10.0,Cloudy,0
2023-08-07,PAR,4.7,0.98,10.0,Clear,0
2023-08-14,PAR,4.9,0.44,10.0,Cloudy,0
2023-08-21,PAR,6.4,0.17,10.0,Rain,0
2023-08-28,PAR,7.2,1.04,10.0,Clear,0
2023-09-04,PAR,8.1,1.21,10.0,Clear,0
2023-09-11,PAR,20.3,1.37,9.7,Clear,0
2023-09-18,PAR,21.7,1.6,10.0,Rain,0
2023-09-25,PAR,20.0,1.28,10.0,Rain,0
2023-10-02,PAR,17.9,0.4,10.0,Clear,0
2023-10-09,PAR,17.0,0.27,6.3,Rain,0
2023-10-16,PAR,17.2,1.1,8.2,Clear,0
2023-10-23,PAR,20.4,1.03,7.3,Cloudy,0
2023-10-30,PAR,18.1,0.94,8.3,Clear,0
2023-11-06,PAR,21.1,0.94,9.3,Cloudy,0
2023-11-13,PAR,18.0,1.28,9.7,Clear,0
2023-11-20,PAR,10.6,1.45,10.0,Clear,0
2023-11-27,PAR,5.9,1.31,10.0,Cloudy,0
2023-12-04,PAR,7.9,0.93,9.9,Rain,0
2023-12-11,PAR,5.5,0.66,8.2,Cloudy,0
2023-12-18,PAR,2.0,0.39,8.5,Clear,0
2023-12-25,PAR,5.0,0.65,10.0,Cloudy,0
2024-01-01,PAR,4.9,0.37,8.1,Clear,0
2024-01-08,PAR,6.3,0.79,7.3,Clear,0
2024-01-15,PAR,4.2,0.1,7.6,Clear,0
2024-01-22,PAR,2.0,0.9,8.4,Clear,0
2024-01-29,PAR,2.3,2.0,8.3,Clear,0
2024-02-05,PAR,4.9,1.72,10.0,Clear,0
2024-02-12,PAR,9.6,1.49,10.0,Rain,0
2024-02-19,PAR,5.5,1.68,9.7,Clear,0
2024-02-26,PAR,4.6,1.4,10.0,Clear,0
2024-03-04,PAR,11.7,1.6,9.8,Clear,0
2024-03-11,PAR,13.2,1.56,7.3,Cloudy,0
2024-03-18,PAR,16.1,1.7,9.1,Cloudy,0
2024-03-25,PAR,16.4,1.77,7.1,Clear,0
2024-04-01,PAR,15.7,1.4,6.9,Clear,0
2024-04-08,PAR,15.9,1.43,5.7,Clear,0
2024-04-15,PAR,14.2,1.43,8.1,Cloudy,0
2024-04-22,PAR,11.6,2.37,8.4,Cloudy,0
2024-04-29,PAR,17.5,2.2,10.0,Clear,0
2024-05-06,PAR,19.5,2.01,10.0,Clear,0
2024-05-13,PAR,27.8,1.9,7.4,Clear,0
2024-05-20,PAR,31.7,1.03,7.7,Storm,1
2024-05-27,PAR,31.5,0.33,8.2,Storm,1
2024-06-03,PAR,27.2,1.36,8.9,Clear,0
2024-06-10,PAR,22.4,1.98,10.0,Clear,0
2024-06-17,PAR,19.5,1.31,10.0,Clear,0
2024-06-24,PAR,18.0,0.85,10.0,Clear,0
2024-07-01,PAR,16.6,1.38,10.0,Cloudy,0
2024-07-08,PAR,15.4,1.13,10.0,Clear,0
2024-07-15,PAR,11.3,1.37,9.0,Clear,0
2024-07-22,PAR,15.1,1.34,8.3,Cloudy,0
2024-07-29,PAR,14.8,1.84,8.8,Clear,0
2024-08-05,PAR,14.8,1.66,10.0,Clear,0
2024-08-12,PAR,11.4,1.25,10.0,Clear,0
2024-08-19,PAR,10.3,1.4,8.6,Clear,0
2024-08-26,PAR,9.6,1.54,9.2,Clear,0
2024-09-02,PAR,12.0,2.11,10.0,Clear,0
2024-09-09,PAR,20.7,2.26,10.0,Cloudy,0
2024-09-16,PAR,16.8,2.13,8.9,Clear,0
2024-09-23,PAR,15.3,2.81,10.0,Clear,0
2024-09-30,PAR,21.5,2.51,10.0,Cloudy,0
2024-10-07,PAR,19.4,1.89,10.0,Clear,0
2024-10-14,PAR,18.4,1.14,9.4,Rain,0
2024-10-21,PAR,22.9,1.94,9.8,Cloudy,0
2024-10-28,PAR,21.5,2.64,9.5,Clear,0
2024-11-04,PAR,20.1,2.74,10.0,Cloudy,0
2024-11-11,PAR,13.2,2.18,10.0,Cloudy,0
2024-11-18,PAR,15.2,2.54,10.0,Cloudy,0
2024-11-25,PAR,9.6,3.2,10.0,Cloudy,0
2024-12-02,PAR,11.5,2.73,10.0,Rain,0
2024-12-09,PAR,10.6,2.36,10.0,Clear,0
2024-12-16,PAR,12.6,2.8,10.0,Clear,0
2024-12-23,PAR,11.5,2.96,10.0,Clear,0
2024-12-30,PAR,12.4,2.73,10.0,Rain,0
2023-01-02,MUN,15.0,1.5,9.0,Cloudy,0
2023-01-09,MUN,18.7,2.13,9.3,Clear,0
2023-01-16,MUN,18.9,1.99,9.3,Cloudy,0
2023-01-23,MUN,20.1,2.48,10.0,Clear,0
2023-01-30,MUN,19.8,2.12,10.0,Clear,0
2023-02-06,MUN,9.3,1.96,10.0,Clear,0
2023-02-13,MUN,11.0,2.02,10.0,Clear,0
2023-02-20,MUN,7.9,2.72,10.0,Clear,0
2023-02-27,MUN,6.4,2.07,9.2,Cloudy,0
2023-03-06,MUN,9.0,2.02,10.0,Clear,0
2023-03-13,MUN,13.7,1.85,10.0,Clear,0
2023-03-20,MUN,18.4,1.29,10.0,Clear,0
2023-03-27,MUN,25.7,0.1,10.0,Clear,0
2023-04-03,MUN,23.7,1.26,10.0,Cloudy,0
2023-04-10,MUN,23.0,0.95,10.0,Cloudy,0
2023-04-17,MUN,27.5,0.92,10.0,Rain,0
2023-04-24,MUN,31.3,0.53,10.0,Storm,1
2023-05-01,MUN,32.4,0.65,9.2,Storm,1
2023-05-08,MUN,30.1,1.25,8.0,Storm,1
2023-05-15,MUN,30.4,2.27,10.0,Storm,1
2023-05-22,MUN,28.0,2.22,8.7,Storm,1
2023-05-29,MUN,24.7,1.49,10.0,Clear,0
2023-06-05,MUN,22.9,1.24,10.0,Cloudy,0
2023-06-12,MUN,21.6,1.52,10.0,Clear,0
2023-06-19,MUN,14.8,1.61,10.0,Rain,0
2023-06-26,MUN,17.1,1.74,10.0,Clear,0
2023-07-03,MUN,15.5,2.88,10.0,Clear,0
2023-07-10,MUN,22.6,1.91,8.7,Clear,0
2023-07-17,MUN,25.5,2.02,10.0,Clear,0
2023-07-24,MUN,28.3,2.38,10.0,Storm,1
2023-07-31,MUN,26.4,2.04,8.8,Clear,0
2023-08-07,MUN,26.8,2.04,6.7,Cloudy,0
2023-08-14,MUN,24.8,2.64,4.5,Rain,0
2023-08-21,MUN,19.2,2.75,3.4,Rain,0
2023-08-28,MUN,25.5,1.93,7.9,Cloudy,0
2023-09-04,MUN,21.7,2.3,7.1,Cloudy,0
2023-09-11,MUN,22.0,2.12,7.0,Cloudy,0
2023-09-18,MUN,17.8,1.6,7.4,Clear,0
2023-09-25,MUN,16.8,1.01,7.5,Clear,0
2023-10-02,MUN,12.8,0.86,5.4,Rain,0
2023-10-09,MUN,12.8,1.62,6.2,Clear,0
2023-10-16,MUN,16.8,0.68,6.3,Clear,0
2023-10-23,MUN,18.4,0.89,7.3,Cloudy,0
2023-10-30,MUN,18.2,0.1,5.0,Rain,0
2023-11-06,MUN,22.9,0.98,5.1,Clear,0
2023-11-13,MUN,12.0,1.3,4.5,Clear,0
2023-11-20,MUN,9.9,2.0,3.7,Clear,0
2023-11-27,MUN,7.7,1.58,4.0,Clear,0
2023-12-04,MUN,14.6,0.65,4.3,Clear,0
2023-12-11,MUN,13.3,0.26,4.7,Clear,0
2023-12-18,MUN,12.1,0.88,5.9,Rain,0
2023-12-25,MUN,17.4,1.38,5.9,Clear,0
2024-01-01,MUN,20.8,0.25,7.3,Rain,0
2024-01-08,MUN,19.5,0.27,5.7,Rain,0
2024-01-15,MUN,24.8,0.1,6.6,Clear,0
2024-01-22,MUN,23.5,0.43,6.0,Clear,0
2024-01-29,MUN,21.2,0.1,7.5,Clear,0
2024-02-05,MUN,20.5,0.83,7.2,Clear,0
2024-02-12,MUN,16.4,0.87,5.7,Clear,0
2024-02-19,MUN,19.4,1.31,5.4,Cloudy,0
2024-02-26,MUN,15.1,1.5,7.5,Clear,0
2024-03-04,MUN,16.5,1.93,6.6,Clear,0
2024-03-11,MUN,12.5,1.61,8.5,Clear,0
2024-03-18,MUN,9.6,1.61,8.0,Cloudy,0
2024-03-25,MUN,11.2,1.7,8.4,Clear,0
2024-04-01,MUN,11.3,1.21,8.6,Cloudy,0
2024-04-08,MUN,14.2,1.01,9.4,Cloudy,0
2024-04-15,MUN,14.7,1.51,10.0,Cloudy,0
2024-04-22,MUN,18.2,1.79,10.0,Clear,0
2024-04-29,MUN,24.1,2.13,8.0,Clear,0
2024-05-06,MUN,17.5,2.12,7.7,Cloudy,0
2024-05-13,MUN,20.6,1.59,7.7,Clear,0
2024-05-20,MUN,16.5,2.28,10.0,Clear,0
2024-05-27,MUN,13.9,1.88,10.0,Rain,0
2024-06-03,MUN,15.4,2.54,10.0,Clear,0
2024-06-10,MUN,12.8,3.38,10.0,Storm,1
2024-06-17,MUN,16.6,3.28,9.4,Storm,1
2024-06-24,MUN,15.6,3.3,9.6,Storm,1
2024-07-01,MUN,17.2,3.36,9.9,Storm,1
2024-07-08,MUN,23.6,2.69,8.1,Clear,0
2024-07-15,MUN,28.7,2.51,10.0,Storm,1
2024-07-22,MUN,26.4,2.28,7.8,Cloudy,0
2024-07-29,MUN,23.1,3.07,8.2,Clear,0
2024-08-05,MUN,27.9,1.91,6.4,Cloudy,0
2024-08-12,MUN,18.6,1.09,7.2,Cloudy,0
2024-08-19,MUN,19.8,2.19,9.1,Clear,0
2024-08-26,MUN,14.5,2.43,8.3,Clear,0
2024-09-02,MUN,20.9,1.7,8.3,Cloudy,0
2024-09-09,MUN,15.8,2.02,5.7,Clear,0
2024-09-16,MUN,13.9,2.27,7.3,Clear,0
2024-09-23,MUN,20.5,2.24,6.5,Clear,0
2024-09-30,MUN,18.2,1.82,8.9,Clear,0
2024-10-07,MUN,16.2,2.2,10.0,Cloudy,0
2024-10-14,MUN,14.9,1.44,10.0,Clear,0
2024-10-21,MUN,16.6,1.83,7.4,Clear,0
2024-10-28,MUN,10.4,1.27,5.0,Clear,0
2024-11-04,MUN,10.1,1.25,6.0,Cloudy,0
2024-11-11,MUN,11.4,1.6,5.9,Clear,0
2024-11-18,MUN,13.3,1.62,6.0,Clear,0
2024-11-25,MUN,15.1,2.02,7.1,Clear,0
2024-12-02,MUN,16.9,1.44,7.7,Clear,0
2024-12-09,MUN,16.2,0.88,8.5,Clear,0
2024-12-16,MUN,13.6,0.78,8.1,Cloudy,0
2024-12-23,MUN,22.4,0.72,7.8,Clear,0
2024-12-30,MUN,17.2,1.24,10.0,Cloudy,0
2023-01-02,SAN,15.0,1.5,9.0,Clear,0
2023-01-09,SAN,15.7,0.58,10.0,Cloudy,0
2023-01-16,SAN,14.4,0.1,10.0,Cloudy,0
2023-01-23,SAN,13.6,0.37,10.0,Rain,0
2023-01-30,SAN,11.7,0.21,10.0,Clear,0
2023-02-06,SAN,15.6,0.78,9.1,Rain,0
2023-02-13,SAN,10.1,0.85,10.0,Clear,0
2023-02-20,SAN,8.4,0.88,10.0,Clear,0
2023-02-27,SAN,15.3,0.52,10.0,Clear,0
2023-03-06,SAN,19.1,0.1,10.0,Cloudy,0
2023-03-13,SAN,20.5,0.64,10.0,Clear,0
2023-03-20,SAN,15.6,1.29,10.0,Cloudy,0
2023-03-27,SAN,23.1,1.3,10.0,Cloudy,0
2023-04-03,SAN,24.2,1.87,8.6,Clear,0
2023-04-10,SAN,28.5,1.5,8.1,Storm,1
2023-04-17,SAN,28.3,1.89,9.7,Storm,1
2023-04-24,SAN,22.7,0.66,10.0,Cloudy,0
2023-05-01,SAN,21.9,0.94,10.0,Cloudy,0
2023-05-08,SAN,19.8,1.17,10.0,Clear,0
2023-05-15,SAN,16.8,0.29,10.0,Clear,0
2023-05-22,SAN,20.6,0.58,9.2,Rain,0
2023-05-29,SAN,22.4,0.87,6.9,Clear,0
2023-06-05,SAN,21.8,0.9,7.9,Cloudy,0
2023-06-12,SAN,21.9,0.25,9.5,Clear,0
2023-06-19,SAN,25.8,0.4,10.0,Clear,0
2023-06-26,SAN,26.1,0.1,10.0,Cloudy,0
2023-07-03,SAN,29.4,0.14,10.0,Storm,1
2023-07-10,SAN,31.3,0.97,10.0,Storm,1
2023-07-17,SAN,30.5,0.19,10.0,Storm,1
2023-07-24,SAN,34.4,0.96,9.0,Storm,1
2023-07-31,SAN,29.3,1.26,9.1,Storm,1
2023-08-07,SAN,24.4,0.54,9.2,Cloudy,0
2023-08-14,SAN,27.6,0.1,9.7,Clear,0
2023-08-21,SAN,28.3,0.19,7.8,Storm,1
2023-08-28,SAN,25.5,0.92,8.8,Clear,0
2023-09-04,SAN,24.6,0.41,10.0,Rain,0
2023-09-11,SAN,26.3,0.1,9.0,Clear,0
2023-09-18,SAN,23.4,0.88,10.0,Cloudy,0
2023-09-25,SAN,24.8,0.94,10.0,Clear,0
2023-10-02,SAN,17.5,1.17,10.0,Clear,0
2023-10-09,SAN,8.8,1.51,10.0,Cloudy,0
2023-10-16,SAN,11.5,1.13,10.0,Rain,0
2023-10-23,SAN,4.6,1.0,9.1,Cloudy,0
2023-10-30,SAN,7.1,0.65,7.3,Rain,0
2023-11-06,SAN,15.3,0.84,8.9,Clear,0
2023-11-13,SAN,11.2,0.78,7.9,Rain,0
2023-11-20,SAN,8.6,1.23,9.4,Cloudy,0
2023-11-27,SAN,9.4,0.38,9.3,Rain,0
2023-12-04,SAN,12.9,0.75,10.0,Cloudy,0
2023-12-11,SAN,16.2,1.57,10.0,Rain,0
2023-12-18,SAN,15.1,1.42,10.0,Clear,0
2023-12-25,SAN,15.5,1.99,10.0,Cloudy,0
2024-01-01,SAN,14.4,1.82,10.0,Clear,0
2024-01-08,SAN,11.6,0.55,10.0,Cloudy,0
2024-01-15,SAN,13.3,0.84,10.0,Cloudy,0
2024-01-22,SAN,12.8,0.69,10.0,Rain,0
2024-01-29,SAN,10.4,0.53,10.0,Clear,0
2024-02-05,SAN,16.7,0.56,10.0,Cloudy,0
2024-02-12,SAN,11.0,0.98,10.0,Clear,0
2024-02-19,SAN,8.9,0.89,10.0,Cloudy,0
2024-02-26,SAN,5.6,0.89,10.0,Clear,0
2024-03-04,SAN,9.0,0.52,10.0,Rain,0
2024-03-11,SAN,12.9,0.24,9.7,Clear,0
2024-03-18,SAN,16.5,1.19,10.0,Rain,0
2024-03-25,SAN,21.2,0.22,10.0,Clear,0
2024-04-01,SAN,15.9,0.87,10.0,Rain,0
2024-04-08,SAN,13.4,0.76,10.0,Clear,0
2024-04-15,SAN,11.4,1.59,10.0,Rain,0
2024-04-22,SAN,14.0,1.67,10.0,Cloudy,0
2024-04-29,SAN,14.1,2.07,10.0,Cloudy,0
2024-05-06,SAN,21.1,1.47,10.0,Clear,0
2024-05-13,SAN,25.5,1.54,10.0,Cloudy,0
2024-05-20,SAN,24.6,2.3,9.6,Cloudy,0
2024-05-27,SAN,14.9,2.12,10.0,Cloudy,0
2024-06-03,SAN,11.7,2.87,10.0,Clear,0
2024-06-10,SAN,12.1,3.34,9.6,Storm,1
2024-06-17,SAN,14.6,2.84,8.3,Cloudy,0
2024-06-24,SAN,13.6,3.17,5.8,Clear,0
2024-07-01,SAN,21.0,2.75,5.6,Clear,0
2024-07-08,SAN,23.8,2.99,8.5,Clear,0
2024-07-15,SAN,23.8,2.09,10.0,Clear,0
2024-07-22,SAN,23.8,2.27,9.9,Clear,0
2024-07-29,SAN,18.1,1.45,9.4,Cloudy,0
2024-08-05,SAN,19.2,1.96,7.7,Rain,0
2024-08-12,SAN,16.0,1.87,6.3,Clear,0
2024-08-19,SAN,12.8,1.02,3.5,Clear,0
2024-08-26,SAN,18.1,0.64,3.9,Clear,0
2024-09-02,SAN,18.1,0.82,8.4,Clear,0
2024-09-09,SAN,23.8,1.28,7.7,Clear,0
2024-09-16,SAN,24.1,0.82,8.5,Cloudy,0
2024-09-23,SAN,21.8,0.32,8.4,Clear,0
2024-09-30,SAN,25.1,1.15,9.4,Cloudy,0
2024-10-07,SAN,23.1,1.4,8.2,Clear,0
2024-10-14,SAN,22.1,1.68,7.2,Clear,0
2024-10-21,SAN,25.2,2.22,6.2,Clear,0
2024-10-28,SAN,27.6,2.07,9.6,Clear,0
2024-11-04,SAN,30.8,2.16,10.0,Storm,1
2024-11-11,SAN,32.7,1.14,10.0,Storm,1
2024-11-18,SAN,27.3,0.94,10.0,Cloudy,0
2024-11-25,SAN,31.9,1.76,9.0,Storm,1
2024-12-02,SAN,26.7,1.76,6.5,Cloudy,0
2024-12-09,SAN,25.2,2.09,7.1,Cloudy,0
2024-12-16,SAN,30.4,2.49,7.3,Storm,1
2024-12-23,SAN,30.2,1.82,9.0,Storm,1
2024-12-30,SAN,31.4,1.96,8.5,Storm,1
2023-01-02,TUB,15.0,1.5,9.0,Clear,0
2023-01-09,TUB,15.1,1.51,9.1,Cloudy,0
2023-01-16,TUB,14.1,0.93,5.7,Clear,0
2023-01-23,TUB,14.2,0.61,5.9,Cloudy,0
2023-01-30,TUB,16.3,0.93,4.9,Cloudy,0
2023-02-06,TUB,14.9,1.6,2.3,Clear,0
2023-02-13,TUB,16.7,1.3,2.6,Clear,0
2023-02-20,TUB,19.7,2.09,6.6,Clear,0
2023-02-27,TUB,17.7,1.18,7.4,Cloudy,0
2023-03-06,TUB,24.7,1.61,8.7,Cloudy,0
2023-03-13,TUB,18.0,0.19,10.0,Clear,0
2023-03-20,TUB,14.9,0.1,10.0,Clear,0
2023-03-27,TUB,18.6,0.1,10.0,Clear,0
2023-04-03,TUB,12.0,0.1,10.0,Cloudy,0
2023-04-10,TUB,11.7,0.1,10.0,Clear,0
2023-04-17,TUB,15.6,0.87,10.0,Cloudy,0
2023-04-24,TUB,17.3,0.92,9.5,Clear,0
2023-05-01,TUB,14.5,1.14,9.5,Rain,0
2023-05-08,TUB,17.4,0.5,9.4,Clear,0
2023-05-15,TUB,13.7,0.31,9.5,Cloudy,0
2023-05-22,TUB,13.0,0.43,10.0,Rain,0
2023-05-29,TUB,13.4,0.43,10.0,Clear,0
2023-06-05,TUB,13.1,0.37,10.0,Clear,0
2023-06-12,TUB,6.3,0.1,10.0,Clear,0
2023-06-19,TUB,2.0,0.94,10.0,Cloudy,0
2023-06-26,TUB,2.0,0.42,10.0,Clear,0
2023-07-03,TUB,2.3,0.29,9.5,Clear,0
2023-07-10,TUB,11.0,0.56,10.0,Cloudy,0
2023-07-17,TUB,8.6,0.28,10.0,Cloudy,0
2023-07-24,TUB,5.5,0.48,8.9,Rain,0
2023-07-31,TUB,2.0,1.49,8.1,Clear,0
2023-08-07,TUB,3.0,0.63,9.8,Cloudy,0
2023-08-14,TUB,6.4,1.41,8.4,Clear,0
2023-08-21,TUB,13.6,0.6,10.0,Clear,0
2023-08-28,TUB,12.5,0.69,10.0,Cloudy,0
2023-09-04,TUB,11.3,0.7,10.0,Rain,0
2023-09-11,TUB,10.8,0.25,10.0,Clear,0
2023-09-18,TUB,5.2,0.35,10.0,Cloudy,0
2023-09-25,TUB,8.7,0.1,10.0,Clear,0
2023-10-02,TUB,9.0,0.1,10.0,Clear,0
2023-10-09,TUB,12.6,0.1,10.0,Cloudy,0
2023-10-16,TUB,12.8,0.22,9.7,Clear,0
2023-10-23,TUB,17.4,0.98,8.9,Cloudy,0
2023-10-30,TUB,14.7,0.82,8.4,Cloudy,0
2023-11-06,TUB,13.8,0.83,7.6,Cloudy,0
2023-11-13,TUB,12.1,0.37,8.9,Cloudy,0
2023-11-20,TUB,11.3,1.58,9.7,Rain,0
2023-11-27,TUB,12.5,1.03,7.1,Clear,0
2023-12-04,TUB,17.4,1.3,5.8,Clear,0
2023-12-11,TUB,15.1,1.18,9.1,Clear,0
2023-12-18,TUB,15.7,1.76,10.0,Rain,0
2023-12-25,TUB,13.0,2.46,10.0,Clear,0
2024-01-01,TUB,9.7,2.22,9.8,Clear,0
2024-01-08,TUB,11.8,2.5,10.0,Cloudy,0
2024-01-15,TUB,9.7,2.12,9.1,Clear,0
2024-01-22,TUB,15.0,1.99,6.8,Clear,0
2024-01-29,TUB,17.4,2.0,6.9,Cloudy,0
2024-02-05,TUB,16.5,1.69,6.2,Cloudy,0
2024-02-12,TUB,16.6,2.59,7.8,Clear,0
2024-02-19,TUB,21.3,2.54,10.0,Clear,0
2024-02-26,TUB,21.3,2.83,10.0,Clear,0
2024-03-04,TUB,14.0,2.89,10.0,Clear,0
2024-03-11,TUB,12.0,2.24,9.9,Clear,0
2024-03-18,TUB,10.2,1.99,8.8,Clear,0
2024-03-25,TUB,6.8,1.31,9.5,Clear,0
2024-04-01,TUB,12.5,0.67,10.0,Cloudy,0
2024-04-08,TUB,12.8,0.72,9.8,Cloudy,0
2024-04-15,TUB,11.9,0.87,10.0,Clear,0
2024-04-22,TUB,11.1,0.54,10.0,Cloudy,0
2024-04-29,TUB,15.5,0.84,10.0,Clear,0
2024-05-06,TUB,17.0,0.93,10.0,Clear,0
2024-05-13,TUB,15.2,0.9,10.0,Clear,0
2024-05-20,TUB,12.8,0.1,10.0,Clear,0
2024-05-27,TUB,10.8,0.1,9.2,Clear,0
2024-06-03,TUB,6.9,0.1,10.0,Cloudy,0
2024-06-10,TUB,11.2,0.1,10.0,Clear,0
2024-06-17,TUB,11.5,0.1,10.0,Clear,0
2024-06-24,TUB,18.8,0.44,8.9,Clear,0
2024-07-01,TUB,20.4,0.65,8.1,Clear,0
2024-07-08,TUB,19.1,0.92,7.7,Rain,0
2024-07-15,TUB,16.1,0.97,8.4,Clear,0
2024-07-22,TUB,16.7,1.36,9.1,Clear,0
2024-07-29,TUB,20.7,2.08,7.8,Clear,0
2024-08-05,TUB,21.1,2.38,5.7,Clear,0
2024-08-12,TUB,20.3,2.46,5.2,Clear,0
2024-08-19,TUB,12.2,2.3,7.1,Clear,0
2024-08-26,TUB,8.7,1.76,8.8,Clear,0
2024-09-02,TUB,3.8,1.18,9.7,Rain,0
2024-09-09,TUB,7.1,0.95,10.0,Cloudy,0
2024-09-16,TUB,12.0,1.32,10.0,Rain,0
2024-09-23,TUB,13.2,1.22,10.0,Cloudy,0
2024-09-30,TUB,13.0,0.7,10.0,Cloudy,0
2024-10-07,TUB,17.2,0.58,10.0,Clear,0
2024-10-14,TUB,22.3,0.25,10.0,Clear,0
2024-10-21,TUB,23.4,0.1,10.0,Cloudy,0
2024-10-28,TUB,28.1,0.1,10.0,Storm,1
2024-11-04,TUB,28.1,0.1,10.0,Storm,1
2024-11-11,TUB,32.5,0.1,9.8,Storm,1
2024-11-18,TUB,27.9,0.98,10.0,Clear,0
2024-11-25,TUB,25.8,0.72,10.0,Cloudy,0
2024-12-02,TUB,15.9,0.1,10.0,Cloudy,0
2024-12-09,TUB,18.9,0.1,10.0,Cloudy,0
2024-12-16,TUB,19.7,1.45,10.0,Rain,0
2024-12-23,TUB,10.2,1.35,9.8,Clear,0
2024-12-30,TUB,8.7,1.84,8.4,Clear,0
2023-01-02,ITQ,15.0,1.5,9.0,Cloudy,0
2023-01-09,ITQ,12.2,1.06,8.5,Clear,0
2023-01-16,ITQ,8.6,0.57,8.8,Clear,0
2023-01-23,ITQ,11.8,0.1,7.5,Clear,0
2023-01-30,ITQ,11.6,0.1,9.4,Cloudy,0
2023-02-06,ITQ,5.6,1.14,9.7,Clear,0
2023-02-13,ITQ,7.0,1.57,10.0,Clear,0
2023-02-20,ITQ,7.0,1.63,7.9,Rain,0
2023-02-27,ITQ,5.1,2.43,7.8,Clear,0
2023-03-06,ITQ,8.4,1.94,6.7,Clear,0
2023-03-13,ITQ,9.7,3.03,6.9,Cloudy,0
2023-03-20,ITQ,13.5,2.18,7.7,Cloudy,0
2023-03-27,ITQ,15.7,2.97,6.2,Clear,0
2023-04-03,ITQ,17.1,1.83,7.7,Clear,0
2023-04-10,ITQ,10.9,1.92,7.4,Cloudy,0
2023-04-17,ITQ,13.3,1.74,7.7,Cloudy,0
2023-04-24,ITQ,5.8,2.44,8.1,Clear,0
2023-05-01,ITQ,8.9,2.44,7.6,Cloudy,0
2023-05-08,ITQ,13.3,2.72,10.0,Cloudy,0
2023-05-15,ITQ,10.4,2.83,9.7,Clear,0
2023-05-22,ITQ,12.0,1.83,10.0,Clear,0
2023-05-29,ITQ,17.9,1.31,9.7,Cloudy,0
2023-06-05,ITQ,18.3,0.85,10.0,Rain,0
2023-06-12,ITQ,20.9,1.62,10.0,Clear,0
2023-06-19,ITQ,17.3,1.0,10.0,Cloudy,0
2023-06-26,ITQ,12.5,0.88,10.0,Rain,0
2023-07-03,ITQ,17.2,1.27,10.0,Clear,0
2023-07-10,ITQ,17.0,1.44,10.0,Clear,0
2023-07-17,ITQ,20.4,1.61,8.7,Clear,0
2023-07-24,ITQ,15.7,2.33,8.7,Clear,0
2023-07-31,ITQ,23.5,2.36,6.8,Rain,0
2023-08-07,ITQ,22.8,2.14,7.3,Clear,0
2023-08-14,ITQ,26.2,1.55,6.0,Rain,0
2023-08-21,ITQ,22.5,1.46,7.9,Clear,0
2023-08-28,ITQ,16.2,0.84,8.3,Clear,0
2023-09-04,ITQ,14.8,0.1,6.3,Rain,0
2023-09-11,ITQ,10.0,0.8,6.5,Clear,0
2023-09-18,ITQ,3.2,1.51,7.8,Clear,0
2023-09-25,ITQ,9.1,1.48,9.0,Cloudy,0
2023-10-02,ITQ,10.3,0.86,9.9,Clear,0
2023-10-09,ITQ,6.2,1.74,5.6,Clear,0
2023-10-16,ITQ,9.0,1.7,7.3,Clear,0
2023-10-23,ITQ,13.4,1.49,6.7,Cloudy,0
2023-10-30,ITQ,9.0,1.73,7.7,Clear,0
2023-11-06,ITQ,7.9,2.22,8.0,Clear,0
2023-11-13,ITQ,9.1,2.06,10.0,Clear,0
2023-11-20,ITQ,14.7,1.9,8.6,Cloudy,0
2023-11-27,ITQ,22.7,2.65,6.8,Clear,0
2023-12-04,ITQ,21.0,2.3,10.0,Clear,0
2023-12-11,ITQ,23.8,2.14,10.0,Clear,0
2023-12-18,ITQ,23.8,2.39,10.0,Cloudy,0
2023-12-25,ITQ,19.2,3.27,10.0,Storm,1
2024-01-01,ITQ,24.2,3.54,10.0,Storm,1
2024-01-08,ITQ,23.6,3.32,10.0,Storm,1
2024-01-15,ITQ,21.3,3.4,10.0,Storm,1
2024-01-22,ITQ,18.1,2.41,9.5,Cloudy,0
2024-01-29,ITQ,13.8,2.12,9.3,Clear,0
2024-02-05,ITQ,11.4,0.89,7.3,Cloudy,0
2024-02-12,ITQ,11.3,1.15,7.5,Clear,0
2024-02-19,ITQ,12.2,0.89,9.4,Clear,0
2024-02-26,ITQ,14.2,0.68,10.0,Cloudy,0
2024-03-04,ITQ,16.5,0.47,10.0,Rain,0
2024-03-11,ITQ,27.1,0.22,10.0,Rain,0
2024-03-18,ITQ,24.5,0.1,10.0,Cloudy,0
2024-03-25,ITQ,24.3,1.0,9.9,Cloudy,0
2024-04-01,ITQ,24.2,1.1,10.0,Clear,0
2024-04-08,ITQ,20.8,1.66,10.0,Cloudy,0
2024-04-15,ITQ,12.9,1.69,10.0,Clear,0
2024-04-22,ITQ,14.1,1.87,10.0,Cloudy,0
2024-04-29,ITQ,13.6,1.49,10.0,Clear,0
2024-05-06,ITQ,9.5,1.98,10.0,Clear,0
2024-05-13,ITQ,10.7,2.07,10.0,Cloudy,0
2024-05-20,ITQ,8.2,1.23,10.0,Cloudy,0
2024-05-27,ITQ,6.4,1.91,10.0,Cloudy,0
2024-06-03,ITQ,9.3,2.14,10.0,Rain,0
2024-06-10,ITQ,5.6,2.13,9.6,Clear,0
2024-06-17,ITQ,2.3,2.49,6.3,Clear,0
2024-06-24,ITQ,6.8,2.18,7.2,Cloudy,0
2024-07-01,ITQ,8.8,2.65,8.7,Cloudy,0
2024-07-08,ITQ,10.6,3.71,10.0,Storm,1
2024-07-15,ITQ,6.0,3.25,10.0,Storm,1
2024-07-22,ITQ,7.1,2.68,10.0,Clear,0
2024-07-29,ITQ,8.6,2.67,10.0,Clear,0
2024-08-05,ITQ,8.4,2.69,10.0,Rain,0
2024-08-12,ITQ,16.2,2.19,10.0,Clear,0
2024-08-19,ITQ,19.4,1.94,10.0,Cloudy,0
2024-08-26,ITQ,19.9,1.81,10.0,Clear,0
2024-09-02,ITQ,22.0,2.11,10.0,Clear,0
2024-09-09,ITQ,13.1,1.93,8.6,Cloudy,0
2024-09-16,ITQ,15.6,1.61,8.3,Clear,0
2024-09-23,ITQ,16.2,1.58,9.4,Clear,0
2024-09-30,ITQ,18.3,1.42,7.3,Clear,0
2024-10-07,ITQ,24.9,1.29,6.8,Clear,0
2024-10-14,ITQ,24.5,0.64,3.5,Rain,0
2024-10-21,ITQ,17.6,1.03,6.9,Clear,0
2024-10-28,ITQ,14.7,0.98,8.9,Clear,0
2024-11-04,ITQ,11.7,0.55,10.0,Cloudy,0
2024-11-11,ITQ,14.9,1.29,10.0,Clear,0
2024-11-18,ITQ,6.2,1.24,10.0,Rain,0
2024-11-25,ITQ,13.7,1.85,10.0,Cloudy,0
2024-12-02,ITQ,13.7,1.26,10.0,Cloudy,0
2024-12-09,ITQ,14.7,1.36,8.3,Clear,0
2024-12-16,ITQ,8.2,2.13,9.3,Clear,0
2024-12-23,ITQ,9.7,1.16,6.9,Rain,0
2024-12-30,ITQ,13.8,0.64,7.4,Clear,0
2023-01-02,VAN,15.0,1.5,9.0,Rain,0
2023-01-09,VAN,12.1,1.79,8.2,Clear,0
2023-01-16,VAN,12.1,1.27,6.7,Clear,0
2023-01-23,VAN,18.5,1.96,6.5,Clear,0
2023-01-30,VAN,21.4,1.42,9.7,Clear,0
2023-02-06,VAN,25.9,2.33,8.1,Rain,0
2023-02-13,VAN,28.0,2.78,7.0,Storm,1
2023-02-20,VAN,25.4,3.14,7.1,Cloudy,0
2023-02-27,VAN,17.8,2.77,5.3,Cloudy,0
2023-03-06,VAN,20.4,2.42,7.3,Clear,0
2023-03-13,VAN,19.0,2.79,7.8,Cloudy,0
2023-03-20,VAN,26.8,2.93,8.9,Cloudy,0
2023-03-27,VAN,31.4,2.47,10.0,Storm,1
2023-04-03,VAN,26.1,1.47,10.0,Clear,0
2023-04-10,VAN,22.6,1.47,10.0,Clear,0
2023-04-17,VAN,24.1,0.99,10.0,Clear,0
2023-04-24,VAN,21.4,1.82,9.6,Clear,0
2023-05-01,VAN,11.6,1.58,9.8,Rain,0
2023-05-08,VAN,10.4,1.33,10.0,Cloudy,0
2023-05-15,VAN,16.7,0.1,10.0,Clear,0
2023-05-22,VAN,7.5,1.24,10.0,Clear,0
2023-05-29,VAN,9.8,2.56,9.4,Clear,0
2023-06-05,VAN,13.9,2.41,9.8,Cloudy,0
2023-06-12,VAN,15.1,1.63,8.2,Clear,0
2023-06-19,VAN,13.1,1.21,6.0,Clear,0
2023-06-26,VAN,15.2,0.61,5.8,Cloudy,0
2023-07-03,VAN,14.6,0.1,7.2,Clear,0
2023-07-10,VAN,15.8,0.83,8.7,Clear,0
2023-07-17,VAN,12.6,1.25,10.0,Clear,0
2023-07-24,VAN,15.2,0.91,7.7,Cloudy,0
2023-07-31,VAN,20.7,0.65,9.3,Clear,0
2023-08-07,VAN,19.3,0.49,8.2,Clear,0
2023-08-14,VAN,21.2,1.35,10.0,Clear,0
2023-08-21,VAN,19.3,1.46,8.8,Clear,0
2023-08-28,VAN,20.8,1.57,9.4,Rain,0
2023-09-04,VAN,20.3,1.59,10.0,Cloudy,0
2023-09-11,VAN,23.7,1.81,10.0,Clear,0
2023-09-18,VAN,19.6,2.05,10.0,Cloudy,0
2023-09-25,VAN,16.5,2.3,9.1,Clear,0
2023-10-02,VAN,19.0,2.4,9.8,Clear,0
2023-10-09,VAN,20.0,1.9,8.0,Cloudy,0
2023-10-16,VAN,16.2,1.92,10.0,Clear,0
2023-10-23,VAN,8.0,1.46,9.7,Cloudy,0
2023-10-30,VAN,7.3,1.73,8.8,Cloudy,0
2023-11-06,VAN,7.5,2.36,8.0,Clear,0
2023-11-13,VAN,8.9,2.0,8.2,Clear,0
2023-11-20,VAN,16.3,2.1,10.0,Clear,0
2023-11-27,VAN,14.2,2.72,10.0,Cloudy,0
2023-12-04,VAN,13.5,2.2,10.0,Clear,0
2023-12-11,VAN,8.0,2.32,10.0,Cloudy,0
2023-12-18,VAN,9.4,1.96,10.0,Clear,0
2023-12-25,VAN,7.7,1.81,10.0,Clear,0
2024-01-01,VAN,8.2,1.96,10.0,Clear,0
2024-01-08,VAN,9.1,0.92,10.0,Cloudy,0
2024-01-15,VAN,19.9,0.16,7.9,Cloudy,0
2024-01-22,VAN,20.1,0.13,10.0,Clear,0
2024-01-29,VAN,10.8,0.23,10.0,Rain,0
2024-02-05,VAN,9.6,0.44,8.5,Clear,0
2024-02-12,VAN,8.6,0.1,6.6,Clear,0
2024-02-19,VAN,3.1,0.1,7.5,Clear,0
2024-02-26,VAN,2.0,0.1,9.0,Cloudy,0
2024-03-04,VAN,9.1,0.77,9.0,Cloudy,0
2024-03-11,VAN,13.7,0.54,9.6,Clear,0
2024-03-18,VAN,8.2,1.5,8.9,Clear,0
2024-03-25,VAN,9.2,1.53,8.0,Cloudy,0
2024-04-01,VAN,6.6,2.33,6.7,Clear,0
2024-04-08,VAN,2.0,2.3,8.3,Rain,0
2024-04-15,VAN,2.0,2.14,8.0,Cloudy,0
2024-04-22,VAN,2.0,2.45,5.3,Clear,0
2024-04-29,VAN,2.2,2.21,4.9,Clear,0
2024-05-06,VAN,3.8,1.93,6.7,Rain,0
2024-05-13,VAN,2.0,2.05,5.6,Rain,0
2024-05-20,VAN,2.6,1.79,7.2,Clear,0
2024-05-27,VAN,2.0,1.56,6.8,Clear,0
2024-06-03,VAN,2.9,0.92,7.3,Clear,0
2024-06-10,VAN,3.9,1.3,8.6,Cloudy,0
2024-06-17,VAN,10.8,0.77,7.3,Cloudy,0
2024-06-24,VAN,15.8,0.88,6.1,Clear,0
2024-07-01,VAN,3.0,1.54,6.1,Cloudy,0
2024-07-08,VAN,2.0,0.55,8.4,Cloudy,0
2024-07-15,VAN,2.0,0.55,9.9,Clear,0
2024-07-22,VAN,7.6,1.07,9.6,Rain,0
2024-07-29,VAN,13.5,1.98,8.1,Clear,0
2024-08-05,VAN,12.2,1.98,8.2,Cloudy,0
2024-08-12,VAN,7.7,1.59,7.8,Clear,0
2024-08-19,VAN,9.5,1.49,10.0,Clear,0
2024-08-26,VAN,13.4,0.99,10.0,Rain,0
2024-09-02,VAN,14.8,1.23,10.0,Cloudy,0
2024-09-09,VAN,22.6,1.9,8.4,Clear,0
2024-09-16,VAN,20.3,2.0,8.9,Clear,0
2024-09-23,VAN,19.5,2.2,7.2,Clear,0
2024-09-30,VAN,21.2,1.27,7.2,Clear,0
2024-10-07,VAN,22.7,1.55,8.1,Rain,0
2024-10-14,VAN,16.7,1.43,9.0,Clear,0
2024-10-21,VAN,15.9,1.46,6.6,Rain,0
2024-10-28,VAN,19.5,1.16,7.0,Clear,0
2024-11-04,VAN,13.7,1.4,6.4,Cloudy,0
2024-11-11,VAN,8.8,1.14,10.0,Clear,0
2024-11-18,VAN,5.4,1.29,10.0,Clear,0
2024-11-25,VAN,6.4,0.69,10.0,Cloudy,0
2024-12-02,VAN,15.7,0.76,10.0,Cloudy,0
2024-12-09,VAN,13.9,0.92,10.0,Clear,0
2024-12-16,VAN,20.1,0.77,10.0,Cloudy,0
2024-12-23,VAN,14.1,1.85,10.0,Clear,0
2024-12-30,VAN,18.1,1.46,10.0,Cloudy,0
2023-01-02,BAL,15.0,1.5,9.0,Clear,0
2023-01-09,BAL,13.5,1.83,9.1,Clear,0
2023-01-16,BAL,12.2,1.65,9.1,Cloudy,0
2023-01-23,BAL,16.8,2.08,10.0,Rain,0
2023-01-30,BAL,15.6,1.93,10.0,Clear,0
2023-02-06,BAL,16.2,3.39,10.0,Storm,1
2023-02-13,BAL,20.7,1.4,10.0,Clear,0
2023-02-20,BAL,24.2,2.54,10.0,Clear,0
2023-02-27,BAL,23.3,2.8,10.0,Cloudy,0
2023-03-06,BAL,25.5,2.31,10.0,Cloudy,0
2023-03-13,BAL,25.4,2.88,10.0,Clear,0
2023-03-20,BAL,20.5,3.42,10.0,Storm,1
2023-03-27,BAL,25.2,3.24,9.8,Storm,1
2023-04-03,BAL,23.7,3.11,8.4,Rain,0
2023-04-10,BAL,26.9,2.6,7.8,Rain,0
2023-04-17,BAL,23.0,1.77,9.4,Clear,0
2023-04-24,BAL,27.0,1.68,10.0,Rain,0
2023-05-01,BAL,23.0,1.13,9.2,Clear,0
2023-05-08,BAL,27.3,0.97,5.4,Clear,0
2023-05-15,BAL,24.1,0.64,4.1,Clear,0
2023-05-22,BAL,24.8,0.59,4.4,Clear,0
2023-05-29,BAL,16.3,0.51,5.2,Cloudy,0
2023-06-05,BAL,18.8,0.22,5.6,Cloudy,0
2023-06-12,BAL,16.7,0.7,5.4,Rain,0
2023-06-19,BAL,18.4,1.57,6.4,Rain,0
2023-06-26,BAL,14.9,0.53,7.2,Clear,0
2023-07-03,BAL,8.0,0.53,5.5,Clear,0
2023-07-10,BAL,6.2,1.03,5.1,Cloudy,0
2023-07-17,BAL,9.3,1.56,6.4,Clear,0
2023-07-24,BAL,13.7,0.93,8.1,Clear,0
2023-07-31,BAL,14.7,1.62,8.8,Clear,0
2023-08-07,BAL,10.6,0.29,8.3,Clear,0
2023-08-14,BAL,8.7,1.53,9.5,Clear,0
2023-08-21,BAL,2.8,0.8,7.5,Clear,0
2023-08-28,BAL,2.3,1.1,8.5,Cloudy,0
2023-09-04,BAL,8.5,0.84,9.7,Clear,0
2023-09-11,BAL,2.0,1.58,9.1,Clear,0
2023-09-18,BAL,6.5,2.0,7.5,Rain,0
2023-09-25,BAL,13.9,1.83,9.1,Cloudy,0
2023-10-02,BAL,17.1,2.24,10.0,Clear,0
2023-10-09,BAL,16.7,2.3,10.0,Clear,0
2023-10-16,BAL,8.7,1.71,10.0,Rain,0
2023-10-23,BAL,2.6,0.91,10.0,Clear,0
2023-10-30,BAL,5.8,0.6,10.0,Cloudy,0
2023-11-06,BAL,5.5,0.68,10.0,Clear,0
2023-11-13,BAL,10.3,0.1,10.0,Rain,0
2023-11-20,BAL,11.2,0.1,10.0,Cloudy,0
2023-11-27,BAL,15.2,1.06,10.0,Cloudy,0
2023-12-04,BAL,12.8,1.14,10.0,Cloudy,0
2023-12-11,BAL,17.9,0.46,10.0,Rain,0
2023-12-18,BAL,20.7,0.73,10.0,Rain,0
2023-12-25,BAL,20.2,1.29,10.0,Clear,0
2024-01-01,BAL,14.6,1.01,10.0,Clear,0
2024-01-08,BAL,17.3,0.61,10.0,Clear,0
2024-01-15,BAL,20.7,0.64,10.0,Clear,0
2024-01-22,BAL,26.4,0.63,10.0,Cloudy,0
2024-01-29,BAL,19.5,0.39,10.0,Cloudy,0
2024-02-05,BAL,11.6,0.1,10.0,Clear,0
2024-02-12,BAL,10.7,0.1,9.6,Clear,0
2024-02-19,BAL,20.9,1.27,9.8,Rain,0
2024-02-26,BAL,19.3,1.65,7.5,Rain,0
2024-03-04,BAL,13.0,2.63,7.5,Cloudy,0
2024-03-11,BAL,18.4,2.81,7.5,Rain,0
2024-03-18,BAL,21.7,2.5,9.8,Cloudy,0
2024-03-25,BAL,16.5,2.2,10.0,Clear,0
2024-04-01,BAL,20.3,2.26,6.1,Rain,0
2024-04-08,BAL,22.5,2.74,5.7,Clear,0
2024-04-15,BAL,18.5,2.75,6.7,Cloudy,0
2024-04-22,BAL,22.1,2.65,7.0,Cloudy,0
2024-04-29,BAL,20.2,1.56,10.0,Clear,0
2024-05-06,BAL,21.0,1.5,10.0,Clear,0
2024-05-13,BAL,23.2,2.1,10.0,Clear,0
2024-05-20,BAL,25.2,1.66,10.0,Cloudy,0
2024-05-27,BAL,21.0,1.49,10.0,Rain,0
2024-06-03,BAL,20.2,2.48,10.0,Clear,0
2024-06-10,BAL,22.3,1.49,10.0,Cloudy,0
2024-06-17,BAL,18.1,1.19,10.0,Rain,0
2024-06-24,BAL,15.1,1.79,10.0,Cloudy,0
2024-07-01,BAL,8.7,2.06,10.0,Clear,0
2024-07-08,BAL,7.3,1.74,8.4,Cloudy,0
2024-07-15,BAL,2.0,1.27,8.0,Clear,0
2024-07-22,BAL,2.0,0.76,6.2,Clear,0
2024-07-29,BAL,2.8,1.11,6.0,Clear,0
2024-08-05,BAL,11.5,1.6,8.5,Cloudy,0
2024-08-12,BAL,16.7,1.51,6.1,Clear,0
2024-08-19,BAL,13.7,2.44,7.5,Cloudy,0
2024-08-26,BAL,10.2,1.78,8.3,Clear,0
2024-09-02,BAL,8.2,0.91,9.7,Clear,0
2024-09-09,BAL,7.7,1.47,10.0,Clear,0
2024-09-16,BAL,10.2,1.33,9.1,Clear,0
2024-09-23,BAL,11.6,2.11,6.1,Clear,0
2024-09-30,BAL,2.1,1.34,4.2,Clear,0
2024-10-07,BAL,7.5,1.32,5.3,Cloudy,0
2024-10-14,BAL,9.3,0.52,3.3,Rain,0
2024-10-21,BAL,5.6,0.44,5.4,Clear,0
2024-10-28,BAL,11.8,0.28,5.2,Clear,0
2024-11-04,BAL,13.5,0.24,6.6,Clear,0
2024-11-11,BAL,14.3,0.1,6.8,Clear,0
2024-11-18,BAL,13.4,0.21,7.7,Clear,0
2024-11-25,BAL,20.8,0.98,9.1,Clear,0
2024-12-02,BAL,17.6,1.37,7.6,Clear,0
2024-12-09,BAL,19.6,1.25,9.5,Cloudy,0
2024-12-16,BAL,18.0,1.84,9.4,Clear,0
2024-12-23,BAL,19.9,1.88,7.3,Rain,0
2024-12-30,BAL,24.8,1.44,7.4,Cloudy,0
2023-01-02,HRV,15.0,1.5,9.0,Cloudy,0
2023-01-09,HRV,11.3,1.72,8.9,Cloudy,0
2023-01-16,HRV,8.1,1.63,7.6,Clear,0
2023-01-23,HRV,13.9,1.61,8.6,Rain,0
2023-01-30,HRV,5.9,1.77,10.0,Clear,0
2023-02-06,HRV,10.2,1.62,10.0,Clear,0
2023-02-13,HRV,7.1,1.49,10.0,Cloudy,0
2023-02-20,HRV,13.6,2.02,10.0,Clear,0
2023-02-27,HRV,21.5,1.35,10.0,Clear,0
2023-03-06,HRV,21.1,1.72,10.0,Rain,0
2023-03-13,HRV,25.1,1.27,10.0,Cloudy,0
2023-03-20,HRV,23.1,0.87,10.0,Cloudy,0
2023-03-27,HRV,19.9,1.28,10.0,Clear,0
2023-04-03,HRV,20.3,1.53,10.0,Clear,0
2023-04-10,HRV,24.1,1.94,7.4,Rain,0
2023-04-17,HRV,20.5,1.32,9.4,Clear,0
2023-04-24,HRV,21.7,0.8,6.5,Clear,0
2023-05-01,HRV,12.9,1.48,6.3,Clear,0
2023-05-08,HRV,9.0,2.41,8.3,Clear,0
2023-05-15,HRV,8.4,2.03,6.9,Rain,0
2023-05-22,HRV,16.1,1.56,5.8,Clear,0
2023-05-29,HRV,12.3,1.38,6.9,Clear,0
2023-06-05,HRV,10.9,0.76,8.4,Clear,0
2023-06-12,HRV,10.6,1.77,8.8,Clear,0
2023-06-19,HRV,13.3,1.05,9.5,Clear,0
2023-06-26,HRV,10.0,1.26,8.0,Clear,0
2023-07-03,HRV,3.7,0.38,5.8,Clear,0
2023-07-10,HRV,2.0,0.8,5.5,Clear,0
2023-07-17,HRV,3.7,0.85,6.9,Clear,0
2023-07-24,HRV,10.1,1.87,8.4,Clear,0
2023-07-31,HRV,16.3,1.84,10.0,Cloudy,0
2023-08-07,HRV,9.4,1.64,10.0,Cloudy,0
2023-08-14,HRV,10.2,2.43,10.0,Cloudy,0
2023-08-21,HRV,11.4,2.02,10.0,Cloudy,0
2023-08-28,HRV,9.0,1.57,10.0,Clear,0
2023-09-04,HRV,17.5,0.96,10.0,Clear,0
2023-09-11,HRV,19.7,1.75,10.0,Rain,0
2023-09-18,HRV,21.2,1.96,10.0,Cloudy,0
2023-09-25,HRV,22.4,1.67,10.0,Clear,0
2023-10-02,HRV,24.4,1.08,10.0,Clear,0
2023-10-09,HRV,23.6,0.89,9.9,Clear,0
2023-10-16,HRV,23.2,0.84,10.0,Clear,0
2023-10-23,HRV,17.7,0.57,7.1,Clear,0
2023-10-30,HRV,13.8,0.67,9.9,Cloudy,0
2023-11-06,HRV,17.0,0.61,6.0,Clear,0
2023-11-13,HRV,10.0,0.57,8.8,Clear,0
2023-11-20,HRV,13.5,0.83,6.7,Clear,0
2023-11-27,HRV,9.6,1.16,8.3,Clear,0
2023-12-04,HRV,12.0,0.94,7.8,Clear,0
2023-12-11,HRV,6.3,1.5,7.8,Rain,0
2023-12-18,HRV,7.2,1.8,6.6,Clear,0
2023-12-25,HRV,7.1,2.2,6.0,Clear,0
2024-01-01,HRV,11.7,1.61,5.2,Clear,0
2024-01-08,HRV,15.3,2.63,6.0,Clear,0
2024-01-15,HRV,13.4,2.99,8.1,Clear,0
2024-01-22,HRV,17.7,2.98,10.0,Clear,0
2024-01-29,HRV,16.1,3.03,10.0,Clear,0
2024-02-05,HRV,18.4,2.73,9.7,Clear,0
2024-02-12,HRV,18.8,2.68,10.0,Cloudy,0
2024-02-19,HRV,15.1,3.5,10.0,Storm,1
2024-02-26,HRV,16.0,3.25,9.3,Storm,1
2024-03-04,HRV,17.1,2.54,9.8,Clear,0
2024-03-11,HRV,5.2,2.58,10.0,Cloudy,0
2024-03-18,HRV,2.0,2.64,10.0,Rain,0
2024-03-25,HRV,3.5,3.08,10.0,Clear,0
2024-04-01,HRV,4.1,3.13,10.0,Clear,0
2024-04-08,HRV,3.7,2.47,10.0,Cloudy,0
2024-04-15,HRV,2.9,3.01,10.0,Clear,0
2024-04-22,HRV,2.8,2.71,9.5,Rain,0
2024-04-29,HRV,10.6,2.27,9.4,Rain,0
2024-05-06,HRV,14.9,2.14,9.5,Rain,0
2024-05-13,HRV,21.1,1.34,10.0,Rain,0
2024-05-20,HRV,25.3,2.22,9.1,Clear,0
2024-05-27,HRV,22.6,1.58,9.6,Clear,0
2024-06-03,HRV,23.9,2.66,10.0,Clear,0
2024-06-10,HRV,24.1,2.04,7.8,Cloudy,0
2024-06-17,HRV,24.1,2.42,9.7,Clear,0
2024-06-24,HRV,22.2,2.32,9.8,Cloudy,0
2024-07-01,HRV,22.4,2.05,9.7,Clear,0
2024-07-08,HRV,20.7,1.72,9.2,Clear,0
2024-07-15,HRV,12.1,1.67,8.3,Cloudy,0
2024-07-22,HRV,12.8,2.15,4.6,Clear,0
2024-07-29,HRV,19.3,2.88,3.5,Clear,0
2024-08-05,HRV,19.7,2.55,2.9,Clear,0
2024-08-12,HRV,21.9,1.22,4.7,Cloudy,0
2024-08-19,HRV,21.0,1.24,8.1,Cloudy,0
2024-08-26,HRV,16.9,1.27,7.7,Clear,0
2024-09-02,HRV,14.1,1.54,7.2,Rain,0
2024-09-09,HRV,15.3,1.61,8.6,Clear,0
2024-09-16,HRV,17.9,1.88,8.8,Clear,0
2024-09-23,HRV,16.0,1.45,7.2,Clear,0
2024-09-30,HRV,13.9,2.13,6.5,Cloudy,0
2024-10-07,HRV,9.8,2.17,4.8,Clear,0
2024-10-14,HRV,17.4,1.69,6.4,Clear,0
2024-10-21,HRV,19.1,1.84,6.9,Clear,0
2024-10-28,HRV,15.2,1.74,7.4,Clear,0
2024-11-04,HRV,12.3,2.07,5.1,Cloudy,0
2024-11-11,HRV,10.7,2.2,6.9,Rain,0
2024-11-18,HRV,5.6,1.52,5.2,Rain,0
2024-11-25,HRV,5.2,2.09,7.8,Rain,0
2024-12-02,HRV,13.3,2.35,8.9,Cloudy,0
2024-12-09,HRV,17.4,2.77,8.8,Rain,0
2024-12-16,HRV,19.6,2.66,7.2,Clear,0
2024-12-23,HRV,17.7,3.11,7.7,Cloudy,0
2024-12-30,HRV,14.7,3.74,8.6,Storm,1
2023-01-02,TAB,15.0,1.5,9.0,Clear,0
2023-01-09,TAB,15.9,1.43,10.0,Cloudy,0
2023-01-16,TAB,14.9,0.11,10.0,Clear,0
2023-01-23,TAB,15.7,1.24,8.9,Rain,0
2023-01-30,TAB,16.1,0.93,6.3,Cloudy,0
2023-02-06,TAB,17.9,0.66,6.0,Cloudy,0
2023-02-13,TAB,17.0,0.83,5.5,Clear,0
2023-02-20,TAB,18.7,1.01,8.8,Clear,0
2023-02-27,TAB,25.8,1.09,7.5,Rain,0
2023-03-06,TAB,20.9,0.59,10.0,Clear,0
2023-03-13,TAB,17.2,1.04,10.0,Rain,0
2023-03-20,TAB,20.1,1.07,10.0,Clear,0
2023-03-27,TAB,15.6,0.8,9.7,Clear,0
2023-04-03,TAB,12.7,1.77,7.9,Clear,0
2023-04-10,TAB,7.6,1.91,8.5,Clear,0
2023-04-17,TAB,11.7,2.09,9.9,Clear,0
2023-04-24,TAB,14.8,1.98,8.9,Cloudy,0
2023-05-01,TAB,18.8,2.34,10.0,Cloudy,0
2023-05-08,TAB,8.3,2.97,8.1,Clear,0
2023-05-15,TAB,9.1,3.01,7.5,Clear,0
2023-05-22,TAB,14.7,3.73,10.0,Storm,1
2023-05-29,TAB,16.0,2.21,10.0,Cloudy,0
2023-06-05,TAB,12.9,2.86,10.0,Rain,0
2023-06-12,TAB,10.6,2.53,10.0,Clear,0
2023-06-19,TAB,19.3,1.59,10.0,Clear,0
2023-06-26,TAB,23.0,1.5,10.0,Clear,0
2023-07-03,TAB,19.3,2.08,10.0,Cloudy,0
2023-07-10,TAB,17.7,1.24,10.0,Cloudy,0
2023-07-17,TAB,21.9,1.73,10.0,Cloudy,0
2023-07-24,TAB,25.2,1.73,9.3,Clear,0
2023-07-31,TAB,29.4,2.21,10.0,Storm,1
2023-08-07,TAB,18.4,2.46,10.0,Clear,0
2023-08-14,TAB,9.9,2.96,9.0,Clear,0
2023-08-21,TAB,7.5,2.57,10.0,Cloudy,0
2023-08-28,TAB,4.0,1.97,10.0,Cloudy,0
2023-09-04,TAB,13.0,2.68,9.9,Clear,0
2023-09-11,TAB,19.1,3.07,9.1,Clear,0
2023-09-18,TAB,22.0,3.41,10.0,Storm,1
2023-09-25,TAB,22.7,3.2,10.0,Clear,0
2023-10-02,TAB,24.7,2.85,10.0,Clear,0
2023-10-09,TAB,27.1,2.06,9.4,Cloudy,0
2023-10-16,TAB,26.5,1.77,7.8,Clear,0
2023-10-23,TAB,27.9,1.97,8.3,Cloudy,0
2023-10-30,TAB,23.8,2.11,9.5,Clear,0
2023-11-06,TAB,15.5,2.29,8.6,Clear,0
2023-11-13,TAB,19.2,1.93,10.0,Rain,0
2023-11-20,TAB,14.2,1.55,10.0,Cloudy,0
2023-11-27,TAB,18.3,0.8,10.0,Cloudy,0
2023-12-04,TAB,18.0,0.18,10.0,Cloudy,0
2023-12-11,TAB,17.7,0.99,10.0,Cloudy,0
2023-12-18,TAB,16.8,0.11,9.5,Clear,0
2023-12-25,TAB,14.7,0.51,9.7,Cloudy,0
2024-01-01,TAB,18.7,1.1,9.0,Rain,0
2024-01-08,TAB,20.8,2.19,10.0,Cloudy,0
2024-01-15,TAB,26.4,2.2,8.4,Rain,0
2024-01-22,TAB,26.1,2.56,9.2,Clear,0
2024-01-29,TAB,18.3,2.64,9.0,Clear,0
2024-02-05,TAB,17.5,2.52,9.3,Cloudy,0
2024-02-12,TAB,13.2,2.23,8.2,Cloudy,0
2024-02-19,TAB,11.7,2.27,8.5,Clear,0
2024-02-26,TAB,9.5,2.12,9.2,Cloudy,0
2024-03-04,TAB,7.7,2.56,7.1,Clear,0
2024-03-11,TAB,6.0,2.42,8.4,Clear,0
2024-03-18,TAB,10.5,2.75,7.8,Clear,0
2024-03-25,TAB,6.2,3.35,6.1,Storm,1
2024-04-01,TAB,13.3,3.77,3.5,Storm,1
2024-04-08,TAB,10.8,2.81,4.4,Clear,0
2024-04-15,TAB,12.1,2.69,6.3,Clear,0
2024-04-22,TAB,12.1,2.73,8.1,Cloudy,0
2024-04-29,TAB,14.1,1.69,5.7,Cloudy,0
2024-05-06,TAB,15.7,1.5,8.7,Cloudy,0
2024-05-13,TAB,17.3,0.1,8.6,Cloudy,0
2024-05-20,TAB,18.0,0.19,6.3,Cloudy,0
2024-05-27,TAB,17.2,0.1,6.0,Clear,0
2024-06-03,TAB,21.7,0.57,7.4,Cloudy,0
2024-06-10,TAB,19.5,0.79,8.7,Clear,0
2024-06-17,TAB,24.5,0.12,10.0,Rain,0
2024-06-24,TAB,25.5,0.32,9.8,Cloudy,0
2024-07-01,TAB,22.8,0.19,10.0,Cloudy,0
2024-07-08,TAB,18.2,0.4,10.0,Clear,0
2024-07-15,TAB,16.6,0.1,9.2,Clear,0
2024-07-22,TAB,16.5,0.1,7.8,Rain,0
2024-07-29,TAB,14.7,0.1,7.8,Cloudy,0
2024-08-05,TAB,19.1,0.1,9.9,Rain,0
2024-08-12,TAB,18.1,0.93,7.7,Clear,0
2024-08-19,TAB,25.9,0.19,9.3,Clear,0
2024-08-26,TAB,25.7,0.1,8.9,Clear,0
2024-09-02,TAB,21.2,0.84,7.7,Clear,0
2024-09-09,TAB,11.0,1.35,7.7,Clear,0
2024-09-16,TAB,11.7,0.97,7.2,Clear,0
2024-09-23,TAB,12.9,1.57,10.0,Cloudy,0
2024-09-30,TAB,12.1,1.91,10.0,Clear,0
2024-10-07,TAB,11.9,1.36,10.0,Cloudy,0
2024-10-14,TAB,12.6,1.04,10.0,Clear,0
2024-10-21,TAB,14.9,1.44,10.0,Clear,0
2024-10-28,TAB,13.9,1.71,10.0,Cloudy,0
2024-11-04,TAB,13.5,2.14,10.0,Cloudy,0
2024-11-11,TAB,9.1,1.99,10.0,Clear,0
2024-11-18,TAB,16.2,1.78,10.0,Clear,0
2024-11-25,TAB,24.0,1.8,10.0,Cloudy,0
2024-12-02,TAB,18.1,1.86,10.0,Rain,0
2024-12-09,TAB,13.8,1.93,10.0,Clear,0
2024-12-16,TAB,13.6,0.73,8.8,Clear,0
2024-12-23,TAB,12.2,0.23,8.4,Cloudy,0
2024-12-30,TAB,15.7,0.63,8.5,Cloudy,0
2023-01-02,SAM,15.0,1.5,9.0,Clear,0
2023-01-09,SAM,12.4,1.36,6.5,Cloudy,0
2023-01-16,SAM,9.4,1.02,7.0,Clear,0
2023-01-23,SAM,5.8,1.41,7.6,Cloudy,0
2023-01-30,SAM,3.3,1.26,8.6,Cloudy,0
2023-02-06,SAM,8.2,1.67,10.0,Cloudy,0
2023-02-13,SAM,10.0,1.85,9.5,Clear,0
2023-02-20,SAM,6.5,1.34,10.0,Rain,0
2023-02-27,SAM,12.3,1.72,10.0,Clear,0
2023-03-06,SAM,11.8,1.96,10.0,Clear,0
2023-03-13,SAM,5.8,1.31,10.0,Clear,0
2023-03-20,SAM,6.8,1.47,10.0,Cloudy,0
2023-03-27,SAM,2.3,2.09,10.0,Clear,0
2023-04-03,SAM,5.7,2.19,9.6,Cloudy,0
2023-04-10,SAM,8.7,1.83,9.4,Clear,0
2023-04-17,SAM,7.6,2.07,6.3,Cloudy,0
2023-04-24,SAM,9.1,1.69,3.3,Clear,0
2023-05-01,SAM,14.6,1.65,5.0,Rain,0
2023-05-08,SAM,9.0,2.55,10.0,Clear,0
2023-05-15,SAM,2.4,3.17,10.0,Cloudy,0
2023-05-22,SAM,3.4,2.44,10.0,Rain,0
2023-05-29,SAM,2.0,2.42,10.0,Clear,0
2023-06-05,SAM,5.8,2.98,10.0,Cloudy,0
2023-06-12,SAM,13.3,1.96,10.0,Rain,0
2023-06-19,SAM,13.6,2.72,10.0,Cloudy,0
2023-06-26,SAM,14.2,1.99,9.6,Clear,0
2023-07-03,SAM,19.5,2.28,10.0,Cloudy,0
2023-07-10,SAM,17.6,1.78,10.0,Cloudy,0
2023-07-17,SAM,12.1,2.17,10.0,Clear,0
2023-07-24,SAM,10.9,2.41,10.0,Clear,0
2023-07-31,SAM,4.1,2.49,8.2,Clear,0
2023-08-07,SAM,7.5,3.06,7.4,Clear,0
2023-08-14,SAM,17.1,2.24,8.2,Clear,0
2023-08-21,SAM,20.7,2.18,9.3,Cloudy,0
2023-08-28,SAM,21.0,1.9,10.0,Clear,0
2023-09-04,SAM,19.9,1.95,10.0,Clear,0
2023-09-11,SAM,22.4,1.62,10.0,Rain,0
2023-09-18,SAM,16.0,1.63,9.9,Cloudy,0
2023-09-25,SAM,17.5,1.98,8.4,Rain,0
2023-10-02,SAM,16.0,1.35,9.8,Clear,0
2023-10-09,SAM,14.4,2.07,10.0,Clear,0
2023-10-16,SAM,17.5,2.18,10.0,Cloudy,0
2023-10-23,SAM,23.6,2.35,9.1,Clear,0
2023-10-30,SAM,18.0,2.11,9.1,Cloudy,0
2023-11-06,SAM,11.5,2.12,9.5,Clear,0
2023-11-13,SAM,11.4,1.65,10.0,Cloudy,0
2023-11-20,SAM,9.1,1.81,8.9,Clear,0
2023-11-27,SAM,9.1,2.16,7.9,Cloudy,0
2023-12-04,SAM,10.9,2.19,6.7,Clear,0
2023-12-11,SAM,14.0,2.33,6.2,Rain,0
2023-12-18,SAM,14.6,3.53,8.6,Storm,1
2023-12-25,SAM,13.7,3.34,8.1,Storm,1
2024-01-01,SAM,10.7,3.24,10.0,Storm,1
2024-01-08,SAM,9.6,3.22,10.0,Storm,1
2024-01-15,SAM,7.6,3.41,10.0,Storm,1
2024-01-22,SAM,10.6,3.53,10.0,Storm,1
2024-01-29,SAM,11.0,3.18,10.0,Cloudy,0
2024-02-05,SAM,18.1,3.58,7.0,Storm,1
2024-02-12,SAM,13.5,3.24,6.2,Storm,1
2024-02-19,SAM,9.4,2.9,7.0,Cloudy,0
2024-02-26,SAM,9.5,2.39,6.0,Clear,0
2024-03-04,SAM,7.0,2.86,7.3,Cloudy,0
2024-03-11,SAM,13.2,2.51,6.2,Clear,0
2024-03-18,SAM,11.6,1.48,7.0,Rain,0
2024-03-25,SAM,13.1,1.68,6.6,Clear,0
2024-04-01,SAM,8.4,1.65,5.6,Clear,0
2024-04-08,SAM,13.5,2.12,5.7,Clear,0
2024-04-15,SAM,13.4,1.95,8.6,Cloudy,0
2024-04-22,SAM,15.5,1.61,10.0,Rain,0
2024-04-29,SAM,23.3,1.02,10.0,Rain,0
2024-05-06,SAM,19.9,1.18,10.0,Clear,0
2024-05-13,SAM,13.4,0.99,10.0,Clear,0
2024-05-20,SAM,11.2,0.84,10.0,Rain,0
2024-05-27,SAM,11.0,1.25,10.0,Clear,0
2024-06-03,SAM,9.2,0.15,10.0,Cloudy,0
2024-06-10,SAM,3.0,0.1,10.0,Clear,0
2024-06-17,SAM,2.7,1.21,10.0,Rain,0
2024-06-24,SAM,5.7,0.92,10.0,Rain,0
2024-07-01,SAM,2.0,0.52,10.0,Clear,0
2024-07-08,SAM,2.0,1.16,10.0,Clear,0
2024-07-15,SAM,2.3,1.12,10.0,Clear,0
2024-07-22,SAM,3.8,0.43,10.0,Rain,0
2024-07-29,SAM,8.3,0.1,10.0,Clear,0
2024-08-05,SAM,11.6,1.1,10.0,Clear,0
2024-08-12,SAM,8.5,0.93,9.1,Cloudy,0
2024-08-19,SAM,7.4,1.49,9.7,Cloudy,0
2024-08-26,SAM,9.4,1.32,8.0,Clear,0
2024-09-02,SAM,7.7,1.88,6.8,Rain,0
2024-09-09,SAM,5.7,1.52,7.6,Cloudy,0
2024-09-16,SAM,10.7,1.27,8.8,Rain,0
2024-09-23,SAM,15.6,0.82,10.0,Cloudy,0
2024-09-30,SAM,10.6,0.14,10.0,Rain,0
2024-10-07,SAM,5.2,0.7,10.0,Cloudy,0
2024-10-14,SAM,8.1,0.63,10.0,Cloudy,0
2024-10-21,SAM,10.5,0.1,10.0,Clear,0
2024-10-28,SAM,6.3,0.1,10.0,Clear,0
2024-11-04,SAM,2.9,0.1,10.0,Cloudy,0
2024-11-11,SAM,3.7,0.1,10.0,Clear,0
2024-11-18,SAM,2.7,0.1,9.4,Cloudy,0
2024-11-25,SAM,2.0,0.1,9.8,Clear,0
2024-12-02,SAM,10.5,0.59,10.0,Clear,0
2024-12-09,SAM,2.0,0.24,10.0,Cloudy,0
2024-12-16,SAM,2.7,0.7,10.0,Clear,0
2024-12-23,SAM,2.0,0.2,8.1,Clear,0
2024-12-30,SAM,12.3,0.57,5.5,Clear,0
2023-01-02,GAN,15.0,1.5,9.0,Clear,0
2023-01-09,GAN,16.9,1.39,10.0,Clear,0
2023-01-16,GAN,21.1,1.18,9.9,Clear,0
2023-01-23,GAN,22.4,1.29,10.0,Rain,0
2023-01-30,GAN,24.6,0.91,10.0,Clear,0
2023-02-06,GAN,22.0,1.12,7.9,Cloudy,0
2023-02-13,GAN,15.1,0.82,10.0,Clear,0
2023-02-20,GAN,21.0,0.46,8.9,Clear,0
2023-02-27,GAN,18.3,0.1,9.1,Clear,0
2023-03-06,GAN,22.7,0.1,9.7,Cloudy,0
2023-03-13,GAN,14.8,0.68,10.0,Cloudy,0
2023-03-20,GAN,11.3,2.0,6.3,Rain,0
2023-03-27,GAN,17.5,2.43,6.8,Cloudy,0
2023-04-03,GAN,17.4,2.8,7.3,Cloudy,0
2023-04-10,GAN,18.9,1.99,10.0,Clear,0
2023-04-17,GAN,15.5,1.96,9.5,Clear,0
2023-04-24,GAN,15.6,1.94,8.5,Clear,0
2023-05-01,GAN,17.5,1.8,8.8,Cloudy,0
2023-05-08,GAN,16.9,2.35,10.0,Cloudy,0
2023-05-15,GAN,22.8,2.07,10.0,Clear,0
2023-05-22,GAN,23.2,1.41,9.4,Clear,0
2023-05-29,GAN,22.1,0.31,10.0,Cloudy,0
2023-06-05,GAN,19.3,0.99,8.0,Clear,0
2023-06-12,GAN,13.3,0.99,8.8,Cloudy,0
2023-06-19,GAN,15.2,0.55,9.6,Clear,0
2023-06-26,GAN,10.9,0.95,9.6,Cloudy,0
2023-07-03,GAN,21.3,0.49,10.0,Rain,0
2023-07-10,GAN,22.0,0.43,10.0,Clear,0
2023-07-17,GAN,14.9,1.35,10.0,Cloudy,0
2023-07-24,GAN,18.3,0.88,10.0,Clear,0
2023-07-31,GAN,16.5,0.72,10.0,Cloudy,0
2023-08-07,GAN,14.9,1.17,10.0,Clear,0
2023-08-14,GAN,15.5,0.65,9.4,Rain,0
2023-08-21,GAN,18.5,0.9,6.6,Cloudy,0
2023-08-28,GAN,17.2,0.48,7.8,Cloudy,0
2023-09-04,GAN,12.2,0.25,7.1,Rain,0
2023-09-11,GAN,11.5,0.49,9.9,Clear,0
2023-09-18,GAN,10.2,1.45,9.9,Cloudy,0
2023-09-25,GAN,9.3,1.44,10.0,Cloudy,0
2023-10-02,GAN,15.7,1.22,10.0,Clear,0
2023-10-09,GAN,18.7,1.02,9.8,Clear,0
2023-10-16,GAN,19.0,1.03,8.4,Clear,0
2023-10-23,GAN,22.4,0.74,6.3,Clear,0
2023-10-30,GAN,23.9,0.49,7.8,Clear,0
2023-11-06,GAN,21.9,0.83,10.0,Clear,0
2023-11-13,GAN,25.4,0.43,10.0,Clear,0
2023-11-20,GAN,26.0,0.38,10.0,Cloudy,0
2023-11-27,GAN,19.6,0.1,10.0,Clear,0
2023-12-04,GAN,12.7,0.27,10.0,Cloudy,0
2023-12-11,GAN,11.9,0.33,10.0,Rain,0
2023-12-18,GAN,10.7,0.64,10.0,Cloudy,0
2023-12-25,GAN,8.0,0.28,10.0,Rain,0
2024-01-01,GAN,9.8,0.1,10.0,Rain,0
2024-01-08,GAN,15.5,0.84,10.0,Rain,0
2024-01-15,GAN,17.1,1.64,10.0,Cloudy,0
2024-01-22,GAN,18.1,2.59,8.6,Clear,0
2024-01-29,GAN,18.8,2.52,8.6,Clear,0
2024-02-05,GAN,16.9,1.93,10.0,Clear,0
2024-02-12,GAN,15.7,1.92,9.9,Cloudy,0
2024-02-19,GAN,15.9,2.03,10.0,Cloudy,0
2024-02-26,GAN,14.9,2.47,9.5,Clear,0
2024-03-04,GAN,13.7,2.84,9.1,Clear,0
2024-03-11,GAN,17.6,2.18,9.3,Cloudy,0
2024-03-18,GAN,15.7,2.62,8.2,Clear,0
2024-03-25,GAN,25.7,2.15,10.0,Clear,0
2024-04-01,GAN,25.6,2.23,9.4,Rain,0
2024-04-08,GAN,22.3,2.44,7.8,Clear,0
2024-04-15,GAN,21.2,2.13,9.9,Cloudy,0
2024-04-22,GAN,24.4,1.6,9.2,Rain,0
2024-04-29,GAN,13.2,1.9,10.0,Rain,0
2024-05-06,GAN,9.9,2.54,8.8,Cloudy,0
2024-05-13,GAN,4.9,2.32,10.0,Clear,0
2024-05-20,GAN,13.0,1.4,10.0,Cloudy,0
2024-05-27,GAN,14.8,0.1,8.3,Clear,0
2024-06-03,GAN,8.8,0.1,9.6,Rain,0
2024-06-10,GAN,8.3,0.15,9.4,Clear,0
2024-06-17,GAN,7.8,0.45,8.5,Clear,0
2024-06-24,GAN,6.8,0.78,10.0,Clear,0
2024-07-01,GAN,12.3,0.56,10.0,Rain,0
2024-07-08,GAN,7.4,0.69,9.7,Clear,0
2024-07-15,GAN,4.5,0.99,10.0,Clear,0
2024-07-22,GAN,10.0,1.12,8.7,Rain,0
2024-07-29,GAN,14.5,1.68,4.8,Cloudy,0
2024-08-05,GAN,12.4,1.19,7.5,Rain,0
2024-08-12,GAN,13.0,1.29,8.5,Cloudy,0
2024-08-19,GAN,16.7,0.77,8.2,Clear,0
2024-08-26,GAN,10.7,1.68,8.6,Cloudy,0
2024-09-02,GAN,8.4,1.72,8.0,Rain,0
2024-09-09,GAN,5.3,1.85,6.3,Clear,0
2024-09-16,GAN,9.9,1.86,8.1,Cloudy,0
2024-09-23,GAN,11.9,1.92,6.3,Cloudy,0
2024-09-30,GAN,13.5,1.94,7.2,Cloudy,0
2024-10-07,GAN,13.8,1.58,8.2,Rain,0
2024-10-14,GAN,13.3,2.02,9.0,Clear,0
2024-10-21,GAN,23.5,1.75,8.5,Clear,0
2024-10-28,GAN,23.4,0.54,10.0,Clear,0
2024-11-04,GAN,22.6,0.84,10.0,Clear,0
2024-11-11,GAN,21.6,0.9,9.7,Cloudy,0
2024-11-18,GAN,17.0,1.05,8.2,Cloudy,0
2024-11-25,GAN,12.1,2.36,9.2,Clear,0
2024-12-02,GAN,15.6,2.0,8.7,Rain,0
2024-12-09,GAN,12.3,0.48,9.0,Clear,0
2024-12-16,GAN,15.1,0.91,9.9,Rain,0
2024-12-23,GAN,12.8,1.56,10.0,Clear,0
2024-12-30,GAN,16.4,1.63,10.0,Cloudy,0
2023-01-02,ROT,15.0,1.5,9.0,Cloudy,0
2023-01-09,ROT,19.1,2.65,7.8,Clear,0
2023-01-16,ROT,20.6,2.8,6.0,Cloudy,0
2023-01-23,ROT,20.8,2.93,6.9,Clear,0
2023-01-30,ROT,20.1,2.52,6.4,Clear,0
2023-02-06,ROT,30.2,2.14,5.7,Storm,1
2023-02-13,ROT,33.5,0.98,4.5,Storm,1
2023-02-20,ROT,24.6,0.15,7.1,Clear,0
2023-02-27,ROT,21.1,1.04,8.8,Clear,0
2023-03-06,ROT,19.7,1.04,8.9,Clear,0
2023-03-13,ROT,24.8,0.8,10.0,Cloudy,0
2023-03-20,ROT,19.1,1.38,10.0,Clear,0
2023-03-27,ROT,16.4,0.97,9.6,Clear,0
2023-04-03,ROT,13.9,0.9,8.0,Cloudy,0
2023-04-10,ROT,20.9,0.31,10.0,Rain,0
2023-04-17,ROT,24.1,0.69,10.0,Rain,0
2023-04-24,ROT,23.0,1.3,8.9,Clear,0
2023-05-01,ROT,22.5,2.19,7.4,Rain,0
2023-05-08,ROT,22.6,2.43,10.0,Rain,0
2023-05-15,ROT,31.3,2.81,10.0,Storm,1
2023-05-22,ROT,32.8,2.36,10.0,Storm,1
2023-05-29,ROT,33.7,3.17,10.0,Storm,1
2023-06-05,ROT,30.8,3.64,9.0,Storm,1
2023-06-12,ROT,30.3,2.58,7.8,Storm,1
2023-06-19,ROT,22.9,2.75,7.0,Clear,0
2023-06-26,ROT,25.6,2.37,5.6,Cloudy,0
2023-07-03,ROT,29.4,2.91,5.5,Storm,1
2023-07-10,ROT,26.6,2.99,6.3,Cloudy,0
2023-07-17,ROT,19.0,2.33,5.9,Cloudy,0
2023-07-24,ROT,17.8,1.68,5.7,Cloudy,0
2023-07-31,ROT,19.1,1.76,8.5,Cloudy,0
2023-08-07,ROT,20.3,1.45,6.1,Cloudy,0
2023-08-14,ROT,12.2,0.78,6.3,Cloudy,0
2023-08-21,ROT,11.9,0.23,6.7,Rain,0
2023-08-28,ROT,14.0,0.47,8.3,Rain,0
2023-09-04,ROT,14.3,0.9,6.8,Cloudy,0
2023-09-11,ROT,17.2,0.99,5.5,Cloudy,0
2023-09-18,ROT,13.4,0.59,5.3,Cloudy,0
2023-09-25,ROT,11.9,0.29,7.2,Clear,0
2023-10-02,ROT,13.7,0.21,10.0,Rain,0
2023-10-09,ROT,14.5,1.44,10.0,Clear,0
2023-10-16,ROT,15.1,1.32,10.0,Clear,0
2023-10-23,ROT,17.8,1.04,10.0,Cloudy,0
2023-10-30,ROT,18.7,0.88,10.0,Clear,0
2023-11-06,ROT,19.5,1.68,9.1,Cloudy,0
2023-11-13,ROT,21.8,0.68,10.0,Cloudy,0
2023-11-20,ROT,15.5,0.71,10.0,Clear,0
2023-11-27,ROT,12.6,0.52,10.0,Clear,0
2023-12-04,ROT,13.1,0.77,10.0,Rain,0
2023-12-11,ROT,9.6,0.92,8.1,Clear,0
2023-12-18,ROT,13.6,0.12,7.2,Rain,0
2023-12-25,ROT,17.5,0.56,9.0,Clear,0
2024-01-01,ROT,21.3,0.31,9.0,Cloudy,0
2024-01-08,ROT,23.3,1.13,10.0,Rain,0
2024-01-15,ROT,25.5,0.93,9.8,Clear,0
2024-01-22,ROT,16.7,0.97,10.0,Clear,0
2024-01-29,ROT,15.0,0.49,8.8,Clear,0
2024-02-05,ROT,22.2,0.1,9.4,Clear,0
2024-02-12,ROT,25.5,1.16,10.0,Clear,0
2024-02-19,ROT,26.0,1.23,10.0,Cloudy,0
2024-02-26,ROT,22.7,1.99,10.0,Clear,0
2024-03-04,ROT,20.0,2.09,10.0,Clear,0
2024-03-11,ROT,19.8,2.09,10.0,Clear,0
2024-03-18,ROT,23.9,2.54,10.0,Cloudy,0
2024-03-25,ROT,18.5,2.47,9.0,Cloudy,0
2024-04-01,ROT,25.7,2.39,10.0,Clear,0
2024-04-08,ROT,23.8,2.27,10.0,Clear,0
2024-04-15,ROT,20.5,0.95,9.1,Clear,0
2024-04-22,ROT,22.9,1.02,10.0,Clear,0
2024-04-29,ROT,19.1,1.04,7.0,Cloudy,0
2024-05-06,ROT,17.3,0.91,9.6,Clear,0
2024-05-13,ROT,12.6,0.18,8.8,Clear,0
2024-05-20,ROT,16.6,0.17,7.6,Rain,0
2024-05-27,ROT,14.0,1.18,5.5,Clear,0
2024-06-03,ROT,19.3,2.61,4.9,Cloudy,0
2024-06-10,ROT,24.2,2.77,6.4,Clear,0
2024-06-17,ROT,24.5,2.67,10.0,Rain,0
2024-06-24,ROT,25.1,3.3,10.0,Storm,1
2024-07-01,ROT,25.6,3.34,10.0,Storm,1
2024-07-08,ROT,23.2,2.41,10.0,Clear,0
2024-07-15,ROT,17.8,2.4,10.0,Clear,0
2024-07-22,ROT,15.6,2.61,9.9,Clear,0
2024-07-29,ROT,17.9,2.07,10.0,Clear,0
2024-08-05,ROT,21.2,1.83,10.0,Clear,0
2024-08-12,ROT,12.9,1.33,9.4,Clear,0
2024-08-19,ROT,9.7,1.38,10.0,Cloudy,0
2024-08-26,ROT,10.1,2.01,10.0,Clear,0
2024-09-02,ROT,10.3,2.22,10.0,Cloudy,0
2024-09-09,ROT,14.4,1.6,10.0,Clear,0
2024-09-16,ROT,13.2,1.53,9.9,Clear,0
2024-09-23,ROT,12.6,1.1,10.0,Clear,0
2024-09-30,ROT,11.1,0.38,10.0,Rain,0
2024-10-07,ROT,12.9,0.21,10.0,Rain,0
2024-10-14,ROT,12.4,0.29,10.0,Rain,0
2024-10-21,ROT,15.5,1.61,10.0,Clear,0
2024-10-28,ROT,14.0,1.94,10.0,Cloudy,0
2024-11-04,ROT,11.5,2.37,10.0,Clear,0
2024-11-11,ROT,19.2,2.82,10.0,Clear,0
2024-11-18,ROT,17.7,3.35,8.8,Storm,1
2024-11-25,ROT,26.8,3.38,8.8,Storm,1
2024-12-02,ROT,21.7,2.53,7.7,Cloudy,0
2024-12-09,ROT,12.3,2.9,8.1,Clear,0
2024-12-16,ROT,8.5,1.84,8.4,Rain,0
2024-12-23,ROT,17.9,1.33,9.3,Cloudy,0
2024-12-30,ROT,22.4,1.05,9.6,Clear,0
